mrid,name,n_windings,container,end1_node,end1_name,end1_kv,end1_r,end1_x,end1_rated_s,end2_node,end2_name,end2_kv,end2_r,end2_x,end2_rated_s,end3_node,end3_name,end3_kv,end3_r,end3_x,end3_rated_s
858a1be4-cd7c-4857-96ec-5cbd72494be0,33/11kV 2WT ABAE3_#1H0-ABAE5_1T0,2,466e5458-170b-44d4-b179-129301a2d1a8,cb25b7e7-e4e7-441e-99d8-2f69a10f850e,ABAE3_#1H0,33.0,0.639243,11.0642,100.0,b44b1e7e-e558-41e6-91fb-68007b50c0ac,ABAE5_1T0,11.0,0.0,0.0,100.0,,,,,,
c5a00c68-3b2b-4f83-8fdd-1bd77e83a82f,33/11kV 2WT ABDA3_#1H0-ABDA5_1T0,2,03b75081-bd5d-4fc6-b41d-92cf21c1cfb6,8d6156b2-8504-45bc-81e0-b17f99986322,ABDA3_#1H0,33.0,0.542812,12.1029,100.0,ceb99bf7-4363-45c7-a763-5c24170e590d,ABDA5_1T0,11.0,0.0,0.0,100.0,,,,,,
89c27c1c-57e3-45f3-ab03-1adf9ba595d6,33/11kV 2WT ABDA3_#2H0-ABDA5_2T0,2,03b75081-bd5d-4fc6-b41d-92cf21c1cfb6,78c39e79-1ca1-4c76-98b3-4055099651c4,ABDA3_#2H0,33.0,0.546754,12.0755,100.0,95709e63-1f1d-4733-a693-bcb01e11bff2,ABDA5_2T0,11.0,0.0,0.0,100.0,,,,,,
dd8233c0-4944-4309-a745-47db892e6af8,33/11kV 2WT ABEC3_1H4-ABEC5_1T0,2,c843fa31-2a90-4698-9e07-0b692dd2b9e3,a98b89a4-e14c-4a49-8780-b51b89f7b36b,ABEC3_1H4,33.0,0.87414,12.4857,100.0,0ce7f10b-9acb-4531-b824-d8cb80dd4445,ABEC5_1T0,11.0,0.0,0.0,100.0,,,,,,
03515f2e-d2a1-4847-89c6-b21800034669,33/11kV 2WT ABEC3_2H4-ABEC5_2T0,2,c843fa31-2a90-4698-9e07-0b692dd2b9e3,6b336a40-4d5e-443a-8d8b-4a94e876667b,ABEC3_2H4,33.0,0.865864,12.428,100.0,c3a9a7a6-b1ab-4734-8b47-4b3cf9e4e222,ABEC5_2T0,11.0,0.0,0.0,100.0,,,,,,
19f96b1a-e52d-4949-ac9d-42b8515dd7ea,33/11kV 2WT ABEP3_#1H0-ABEP5_1T0,2,dc388f50-61a4-45cb-b8ce-2b2e92273614,0376cdda-7a2b-4e51-85e8-4353b56d3a12,ABEP3_#1H0,33.0,0.552014,11.9935,100.0,d535b55e-c967-4909-82cc-d459e272a5ae,ABEP5_1T0,11.0,0.0,0.0,100.0,,,,,,
10073b5d-2588-47d0-ad5f-b7549554b56b,33/11kV 2WT ABEP3_#2H0-ABEP5_2T0,2,dc388f50-61a4-45cb-b8ce-2b2e92273614,e4b9fc39-5e27-42af-9759-2d4dc85bf460,ABEP3_#2H0,33.0,0.556152,12.1024,100.0,0ecd7500-0554-471f-a8f4-2b33e3f440d6,ABEP5_2T0,11.0,0.0,0.0,100.0,,,,,,
d25d93c8-fa19-4006-ab61-24823a34472f,132/33kV 2WT AMMA1_#110-AMMA3_#1T0,2,0019c517-3f16-459f-be70-7155643602ad,707572f1-1182-403b-aa9a-aaa041bc3059,AMMA1_#110,132.0,0.737384,42.5663,100.0,4d04b9b2-8f10-4ed0-b407-ce988f316584,AMMA3_#1T0,33.0,0.0,0.0,100.0,,,,,,
a1370dca-f35f-434d-93a7-04c5d041dcae,132/33kV 2WT AMMA1_#210-AMMA3_#2T0,2,0019c517-3f16-459f-be70-7155643602ad,d4d90e49-23bc-40fb-95c6-a955bbd5af78,AMMA1_#210,132.0,1.50369,49.9267,100.0,304a44f1-b35b-4591-bee2-580ace857d12,AMMA3_#2T0,33.0,0.0,0.0,100.0,,,,,,
a5be2fa6-56d1-4d42-9636-79cc63a33517,33/11kV 2WT BISH3_#1H0-BISH5_1T0,2,f5e9ebd2-c796-490a-b427-cb788f1c370b,063d86ca-ce7d-4732-894b-1f6480863f04,BISH3_#1H0,33.0,1.23743,15.9647,100.0,25e8882e-dbbf-4d21-802d-2f4e5c756c95,BISH5_1T0,11.0,0.0,0.0,100.0,,,,,,
0d57f57c-a190-4290-a954-2a44f2a0c824,33/11kV 2WT BISH3_#2H0-BISH5_2T0,2,f5e9ebd2-c796-490a-b427-cb788f1c370b,ed3fb38a-1bdb-44af-b781-3b654394a121,BISH3_#2H0,33.0,1.23362,15.8952,100.0,bfabe878-a0cd-4424-ace0-f9fe71775d1c,BISH5_2T0,11.0,0.0,0.0,100.0,,,,,,
398f436d-1c0f-4428-b3e2-1fd1bd049a0b,33/11kV 2WT BLAP3_#1H0-BLAP5_1T0,2,970da3ba-1fbf-45ed-b3fe-f8ad4329494d,3fc02529-57a6-4d51-9337-6371898c6c63,BLAP3_#1H0,33.0,1.22992,15.8883,100.0,481357bf-2a76-42d5-bb6b-f45c7308aacd,BLAP5_1T0,11.0,0.0,0.0,100.0,,,,,,
6b7069f9-5af3-4b9f-827a-937222791b6f,33/11kV 2WT BLAP3_#2H0-BLAP5_2T0,2,970da3ba-1fbf-45ed-b3fe-f8ad4329494d,a0af0e18-0350-4ebb-a1a9-d1771725b5d1,BLAP3_#2H0,33.0,1.24462,15.8593,100.0,18efa9f6-b09c-4ca0-a289-75bf1bc3e5d2,BLAP5_2T0,11.0,0.0,0.0,100.0,,,,,,
908745a1-d8f8-4153-8cc8-334acdc8e5d9,33/11kV 2WT BRID3_1H3-BRID5_1T0,2,155e6261-64f9-41ac-bc30-c876c53af23e,5debf66d-05b7-478c-89d1-0acbc3f2f54d,BRID3_1H3,33.0,1.26727,16.0673,100.0,f363e4cc-a3f5-4c56-a326-a8f6f0730bd0,BRID5_1T0,11.0,0.0,0.0,100.0,,,,,,
95b4bae8-0d82-4995-ae1b-5f844753d1a1,33/11kV 2WT BRID3_2H3-BRID5_2T0,2,155e6261-64f9-41ac-bc30-c876c53af23e,0b23cf90-dba9-4cff-b8a3-0a89d4810157,BRID3_2H3,33.0,1.26727,16.0673,100.0,b37d4f86-9a35-451f-95fb-192842d0d218,BRID5_2T0,11.0,0.0,0.0,100.0,,,,,,
495e125c-f0ee-4d81-8d92-1e7f1aacb3cf,132/33kV 2WT BRIF1_#210-BRIF3_#2T0,2,27aa7925-d1a4-43d7-845c-f2731c5fdf21,2eac8092-f7c5-466d-9ddd-e5ca451e8ca7,BRIF1_#210,132.0,0.808474,39.4288,100.0,6fe2fcff-142f-436e-9ef8-f1dfc50d66d0,BRIF3_#2T0,33.0,0.0,0.0,100.0,,,,,,
72423599-1b72-48a8-99f5-47a8b0a1960c,132/33kV 2WT BRIF1_113-BRIF3_#1T0,2,27aa7925-d1a4-43d7-845c-f2731c5fdf21,c5896e16-5a94-4a8d-a037-d89d50af4cb2,BRIF1_113,132.0,0.808474,39.4288,100.0,63e35d43-5856-4358-898c-569de37378a5,BRIF3_#1T0,33.0,0.0,0.0,100.0,,,,,,
8b102397-91e9-431d-94d0-d3dad68b58bc,33/11kV 2WT BRIF3_T3-BRIF5_3T0,2,27aa7925-d1a4-43d7-845c-f2731c5fdf21,9bd0cf55-7cd3-4823-ab80-beb75a8e9d7c,BRIF3_T3,33.0,0.493862,12.2208,100.0,6a9359bd-0db6-47b4-a6d4-d48257712967,BRIF5_3T0,11.0,0.0,0.0,100.0,,,,,,
c58443df-d7e5-41f4-af29-6282849345d7,33/11kV 2WT BRIF3_T4-BRIF5_4T0,2,27aa7925-d1a4-43d7-845c-f2731c5fdf21,f65f4001-bb4e-4983-a712-b23b6293ccf8,BRIF3_T4,33.0,0.530452,12.0399,100.0,7f483bea-9bb2-4c5f-b252-1fc6008c8165,BRIF5_4T0,11.0,0.0,0.0,100.0,,,,,,
a529cc70-3d42-4962-b084-957c6a4d9d8a,33/11kV 2WT CARG3_#1H0-CARG5_1T0,2,69740591-0656-4940-8c63-82f9500b056e,5e361a6b-7d6d-416c-9d05-79e2f0481014,CARG3_#1H0,33.0,0.94351,9.76441,100.0,2093e596-8029-462d-afd5-95313ff88ad1,CARG5_1T0,11.0,0.0,0.0,100.0,,,,,,
53dfde35-8f3a-4c8e-b337-9b6de66f2e2f,33/11kV 2WT CARG3_#2H0-CARG5_2T0,2,69740591-0656-4940-8c63-82f9500b056e,0fff52f9-6154-4949-8271-43b432d5722a,CARG3_#2H0,33.0,0.678447,8.67062,100.0,4bd52acc-96cb-44c0-ac71-a16d8372a022,CARG5_2T0,11.0,0.0,0.0,100.0,,,,,,
eb6ea8f4-4018-4a14-bf8b-e1f18ea2925e,132/33kV 2WT CARM1_#210-CARM3_#2T0,2,f98d4d97-6d3f-4001-bd64-5914ad6093b9,b693b383-1e81-41c9-9b66-f9ed340c1342,CARM1_#210,132.0,1.4096,43.9625,100.0,aff83281-ca80-444c-939f-436fe66f7863,CARM3_#2T0,33.0,0.0,0.0,100.0,,,,,,
03684905-294d-4efc-9859-74e81a1cb7f8,132/33kV 2WT CARM1_113-CARM3_#1T0,2,f98d4d97-6d3f-4001-bd64-5914ad6093b9,83cf7766-ebc8-4b9d-929c-5e216cda1d49,CARM1_113,132.0,2.55784,45.4244,100.0,7a52739a-c5d6-4980-875d-cf09582b5944,CARM3_#1T0,33.0,0.0,0.0,100.0,,,,,,
795e8627-cf1e-422e-aa1f-5fbdfc69e253,33/11kV 2WT CLAS3_#1H0-CLAS5_1T0,2,b9a3f6f5-92a1-4115-8464-436d7d221362,431beab6-68eb-46f3-b022-a084d8441ca3,CLAS3_#1H0,33.0,0.532303,12.1307,100.0,5d79fd42-50ff-46f6-9ffd-aa2bc666367a,CLAS5_1T0,11.0,0.0,0.0,100.0,,,,,,
8eaedfce-6885-4bec-8cb0-6b48c974830e,33/11kV 2WT COMS3_1H3-COMS5_1T0,2,e52e9f42-f97a-4493-8f2e-77f72b47e4c7,9cd4e4f8-fc68-4a86-96ad-44f9d0fa2a6d,COMS3_1H3,33.0,0.450846,9.79011,100.0,a78d3117-f094-4942-970b-bc510fa1d5e8,COMS5_1T0,11.0,0.0,0.0,100.0,,,,,,
ef4ba9fd-8813-4d02-a2c3-57a1882c0726,33/11kV 2WT COMS3_2H3-COMS5_2T0,2,e52e9f42-f97a-4493-8f2e-77f72b47e4c7,67fa63ac-2c8b-4c76-8b8a-65cd398b38e6,COMS3_2H3,33.0,0.534547,12.3482,100.0,59e32398-15c1-4173-8b36-8165e31d50c8,COMS5_2T0,11.0,0.0,0.0,100.0,,,,,,
e0cfe680-65e6-4dfb-83cb-b074fb8d7893,33/11kV 2WT CRHA3_#1H0-CRHA5_1T0,2,45f4fe7f-a102-4f83-84a4-13399ed6c429,4a0253ff-5056-4b70-a43b-b2598a3d1638,CRHA3_#1H0,33.0,0.640332,8.60092,100.0,7c372a9e-4ee9-4e4b-9cc5-842b46fbbfbd,CRHA5_1T0,11.0,0.0,0.0,100.0,,,,,,
40a88524-d686-4393-bb18-a47d4ac8e28b,33/11kV 2WT CRHA3_#2H0-CRHA5_2T0,2,45f4fe7f-a102-4f83-84a4-13399ed6c429,fb2f78bf-d6bc-4309-88b8-d64d62da5ea7,CRHA3_#2H0,33.0,0.853014,11.9064,100.0,10af3bc9-3bb3-4be6-894e-71ec3c5a95b2,CRHA5_2T0,11.0,0.0,0.0,100.0,,,,,,
2e29ff50-d6bc-41b6-b274-06dfd9e74a5c,33/11kV 2WT CWFR3_#1H0-CWFR5_1T0,2,ca32218c-051e-42da-8fd8-9289e7a4b391,03b97046-bf1b-4c06-815b-24a2a05fd0a8,CWFR3_#1H0,33.0,0.834283,12.5017,100.0,4b034971-43b1-4f6d-8e03-1cc114487a57,CWFR5_1T0,11.0,0.0,0.0,100.0,,,,,,
82e9c590-4b1e-4268-8fb6-48b3abc4cb02,33/11kV 2WT CWFR3_#2H0-CWFR5_2T0,2,ca32218c-051e-42da-8fd8-9289e7a4b391,99933eab-7132-40ae-9c0d-9c725027f9da,CWFR3_#2H0,33.0,0.82862,12.4074,100.0,545e02ee-11d7-4587-adf5-38fb19cd7c32,CWFR5_2T0,11.0,0.0,0.0,100.0,,,,,,
b7c1774a-86ab-476a-8f8e-00ac8b5b35f9,33/11kV 2WT GARN3_#1H0-GARN5_1T0,2,9e89df52-a57c-4432-8544-f0fbde45923e,3f1ece5b-45ef-4a2b-9a46-ed5dca029ff3,GARN3_#1H0,33.0,0.519453,10.89,100.0,c5587d4a-ab7a-4aba-9b0b-614575f41746,GARN5_1T0,11.0,0.0,0.0,100.0,,,,,,
98bbed20-c6d7-4f87-b097-2f9b4c4b1385,33/11kV 2WT GARN3_#2H0-GARN5_2T0,2,9e89df52-a57c-4432-8544-f0fbde45923e,9a3f85da-f30c-4b7a-81d1-cef8ad732d89,GARN3_#2H0,33.0,0.668646,12.3057,100.0,99a0feec-1b0c-4886-86d3-1ba397cd4659,GARN5_2T0,11.0,0.0,0.0,100.0,,,,,,
28e663b7-84de-4a4f-95ba-6f542e5bb9a8,33/11kV 2WT GETH31-GETH5_1T0,2,1836a8be-b509-4aa0-bee9-e81b3af71ab3,148b815e-95d4-40a3-ac4f-b38496cf7732,GETH31,33.0,0.5445,11.6632,100.0,1d691aa5-3460-471e-b136-7fa5b0655233,GETH5_1T0,11.0,0.0,0.0,100.0,,,,,,
5cc047a5-1276-4a03-8f5b-ea27752794c2,33/11kV 2WT GETH32-GETH5_2T0,2,1836a8be-b509-4aa0-bee9-e81b3af71ab3,70f37877-d175-4192-9760-f35502c0819d,GETH32,33.0,0.5445,11.6632,100.0,7f56a737-748b-4cac-98e3-915649ddccb3,GETH5_2T0,11.0,0.0,0.0,100.0,,,,,,
464dc0ae-4881-41bd-a92a-eadebecec478,132/33kV 2WT GOWE1_113-GOWE3_#1T0,2,368c4eca-8a31-4dad-bb79-68471d864e59,b3df2161-a60e-4db2-b700-6d5cfe725b40,GOWE1_113,132.0,2.15361,47.8097,100.0,3d4fa22f-00f0-4d17-b5fb-745abb6bb542,GOWE3_#1T0,33.0,0.0,0.0,100.0,,,,,,
45aaf664-a835-491e-affc-c0cb6983e134,33/11kV 2WT GWAU3_#1H0-GWAU5_1T0,2,06525852-0718-491d-b91e-dabc0a6ce643,76773c35-98f4-443a-aa4b-f41a6f57e083,GWAU3_#1H0,33.0,1.29449,15.8466,100.0,a41cfc1f-7f2b-4f61-8310-13f18570198a,GWAU5_1T0,11.0,0.0,0.0,100.0,,,,,,
3369b1c1-dfe3-49d4-9c34-81418df52e43,33/11kV 2WT GWAU3_#2H0-GWAU5_2T0,2,06525852-0718-491d-b91e-dabc0a6ce643,8f463a9b-f239-45b2-b123-9d59f9ef73c7,GWAU3_#2H0,33.0,1.29449,15.8904,100.0,2d43312b-8fcb-4ee6-911d-79ccaa555e4d,GWAU5_2T0,11.0,0.0,0.0,100.0,,,,,,
3c059988-26ee-4736-88fe-fd8459b6f051,33/11kV 2WT HEND3_1H3-HEND5_1T0,2,d2e8c444-0a2c-4bdf-9d7a-e227eaa6b49f,fa913ae3-61ce-4c6a-9a4f-10f505cf26e5,HEND3_1H3,33.0,0.75141,11.8592,100.0,42753d0b-0f33-4588-9c8c-d283bf6b8a48,HEND5_1T0,11.5,0.0,0.0,100.0,,,,,,
80d832f7-c8be-4f49-871a-fed0acbcae60,33/11kV 2WT HEND3_2H3-HEND5_2T0,2,d2e8c444-0a2c-4bdf-9d7a-e227eaa6b49f,a810b792-b410-4cc6-9f46-4bc6e951da85,HEND3_2H3,33.0,0.732897,11.5543,100.0,cdfb03e8-38d6-4117-922d-105f2a68a5db,HEND5_2T0,11.5,0.0,0.0,100.0,,,,,,
19eb9e81-2690-4591-8db9-734330bd1362,132/33kV 2WT HIRW1_#110-HIRW3_#1T0,2,7ef60510-d518-453b-a2e8-632868e32d94,248ec3cb-e458-46cc-a4b7-ef022911d154,HIRW1_#110,132.0,0.888624,43.3579,100.0,90bd2a61-267e-446c-bd49-e1cb21f6bcbc,HIRW3_#1T0,33.0,0.0,0.0,100.0,,,,,,
5d28af47-7639-4336-8be4-1728dd8bd3b0,132/33kV 2WT HIRW1_#210-HIRW3_#2T0,2,7ef60510-d518-453b-a2e8-632868e32d94,5fe60ae1-0f38-49bc-bc9d-968a0cd92e85,HIRW1_#210,132.0,0.892109,43.1627,100.0,b6d2bd53-7c98-487d-885b-d6fc5924d023,HIRW3_#2T0,33.0,0.0,0.0,100.0,,,,,,
65e14760-f03f-428d-9d68-8250bcf61e51,33/11kV 2WT HIRW3_#3H0-HIRW5_3T0,2,7ef60510-d518-453b-a2e8-632868e32d94,9e723186-99bb-4091-8139-64e796c6ad1c,HIRW3_#3H0,33.0,0.639243,11.3801,100.0,f0f90344-8072-4a66-8146-8950a1158d4d,HIRW5_3T0,11.0,0.0,0.0,100.0,,,,,,
eb527adf-4a09-4c0b-9adc-fedfba93ea86,33/11kV 2WT HIRW3_#4H0-HIRW5_4T0,2,7ef60510-d518-453b-a2e8-632868e32d94,54a340e6-6101-4690-8b29-5562739a1847,HIRW3_#4H0,33.0,0.639243,11.2385,100.0,ebf5c997-1749-4cd5-b14c-60a804ef6b33,HIRW5_4T0,11.0,0.0,0.0,100.0,,,,,,
1025e56b-ba72-4304-9ac5-82a153303410,33/11kV 2WT JERM3_#1H0-JERM5_1T0,2,9a94b228-f167-4e8b-9554-3040e79bfa69,dc1f5b29-060c-4cc9-b077-6cccefa6a636,JERM3_#1H0,33.0,0.5396,12.203,100.0,4e5d5841-e3fb-4398-9da9-e48f099f0e27,JERM5_1T0,11.0,0.0,0.0,100.0,,,,,,
6c3a6a5f-fa7c-4df2-bb9f-26deb15c4e6f,33/11kV 2WT JERM3_#2H0-JERM5_2T0,2,9a94b228-f167-4e8b-9554-3040e79bfa69,dcf0eb94-ae90-4542-8b36-6197b96e4162,JERM3_#2H0,33.0,0.551034,12.2388,100.0,f04b09e0-8193-4526-bb76-2f5344a50f93,JERM5_2T0,11.0,0.0,0.0,100.0,,,,,,
1c64d1cd-d1b9-4696-9a48-326504262f74,33/11kV 2WT KIDW3_#1H0-KIDW5_1T0,2,a13f4d4d-1950-430c-8c19-ef2f8d4fdbf0,df12357e-e1f3-4f77-a5db-b98b7b5db79d,KIDW3_#1H0,33.0,0.69598,8.23284,100.0,a05bad87-86a8-4b32-a746-fa43da87c568,KIDW5_1T0,11.0,0.0,0.0,100.0,,,,,,
7d8fcd88-22f1-4133-89d8-374ad8c77a55,33/11kV 2WT KIDW3_#2H0-KIDW5_2T0,2,a13f4d4d-1950-430c-8c19-ef2f8d4fdbf0,bf49fd79-23da-4ead-a5d0-d782642fd67a,KIDW3_#2H0,33.0,1.46688,15.4028,100.0,c9778c60-d31e-4ebc-befd-cc32a7e411b9,KIDW5_2T0,11.0,0.0,0.0,100.0,,,,,,
bb7ff7fa-4cca-455d-9d35-721d2d86666f,132/33kV 2WT LAMP1_#110-LAMP3_GT1,2,87a6c8a5-d987-47b7-a01e-feb1b5eb7dba,c53bd701-ca18-4002-9087-4604d82ff644,LAMP1_#110,132.0,1.86263,42.3212,100.0,eb3c195d-e484-4ea0-af3e-2d3a605300f8,LAMP3_GT1,33.0,0.0,0.0,100.0,,,,,,
1c8524d3-c7ec-4c85-a02b-086c3cee43c7,33/11kV 2WT LAMP3_#1H0-LAMP5_1T0,2,87a6c8a5-d987-47b7-a01e-feb1b5eb7dba,8bc34145-d005-48e4-a373-afc0e5cc76fb,LAMP3_#1H0,33.0,0.923472,11.8777,100.0,bf1aeff4-fc50-4cb5-b4ab-9e798d58a540,LAMP5_1T0,11.0,0.0,0.0,100.0,,,,,,
efaf3fdc-7461-4390-bc94-d1c0bdc27a2a,33/11kV 2WT LAMP3_#2H0-LAMP5_2T0,2,87a6c8a5-d987-47b7-a01e-feb1b5eb7dba,cb58b91b-ca0e-46b8-9eb9-698165f039a8,LAMP3_#2H0,33.0,0.922383,11.8483,100.0,a2d7c557-7667-440e-b9e0-1977362524b5,LAMP5_2T0,11.0,0.0,0.0,100.0,,,,,,
2bd84304-e103-4e66-8ddb-3159153d5ad4,33/11kV 2WT LDEI3_#1H0-LDEI5_1T0,2,9ce65930-661c-4375-a0f6-3bd0ebec4702,ad9acb43-a48e-4ad3-94f9-cd483d4c913e,LDEI3_#1H0,33.0,0.492228,8.53776,100.0,c2dba42a-b5c6-49df-b509-0f655e40e774,LDEI5_1T0,11.0,0.0,0.0,100.0,,,,,,
e2a7366d-63c3-4da2-b1f8-09030f5c70aa,33/11kV 2WT LDEI3_#2H0-LDEI5_2T0,2,9ce65930-661c-4375-a0f6-3bd0ebec4702,3b66d941-6d8f-4a6b-a387-a2979dda7de5,LDEI3_#2H0,33.0,0.512919,8.60963,100.0,b32aeec0-f0c4-4f5d-b793-2c32a9d93698,LDEI5_2T0,11.0,0.0,0.0,100.0,,,,,,
84c40246-cee1-4432-b2a8-06a182005a6b,33/11kV 2WT LDOV3_#1H0-LDOV5_1T0,2,a5f88ecf-5baf-448e-8723-b9d8026b0508,7d9454bc-3b2c-46e4-992a-f9924f27ed56,LDOV3_#1H0,33.0,1.23994,15.5626,100.0,b47c21b5-fa5c-4385-9d5d-8ae87f6db012,LDOV5_1T0,11.0,0.0,0.0,100.0,,,,,,
709d5f6a-095c-4662-af9e-080a8d2f6431,33/11kV 2WT LDOV3_#2H0-LDOV5_2T0,2,a5f88ecf-5baf-448e-8723-b9d8026b0508,86aa5db9-9bfe-452a-845c-c98de3039bf2,LDOV3_#2H0,33.0,1.23667,15.7901,100.0,ab62fd7e-c395-4c18-b245-1a5a24b7052d,LDOV5_2T0,11.0,0.0,0.0,100.0,,,,,,
c92711ca-d2e4-41f9-8682-ed6be0b0a0f0,33/11kV 2WT LFYR3_#1H0-LFYR5_1T0,2,ed422c2c-e91d-4e0e-8bb8-fe066e1f8452,ed909499-8b75-4024-a848-0c02eaaa509d,LFYR3_#1H0,33.0,0.802593,6.55034,100.0,e1faf37a-592a-4ae9-9ef1-1adb105aed5c,LFYR5_1T0,11.0,0.0,0.0,100.0,,,,,,
83b3b84e-ea7c-492c-9d44-2e2cec3bf4c1,33/11kV 2WT LGAD3_#1H0-LGAD5_1T0,2,25f80009-0a8e-4485-9a26-f25fdc54d7b4,29f0da6b-54d6-4742-b095-ce9bad48da81,LGAD3_#1H0,33.0,1.24582,16.1214,100.0,250a4db3-ef0c-4c66-a126-34ed2fef58b5,LGAD5_1T0,11.0,0.0,0.0,100.0,,,,,,
5fc2dd4c-3c99-4e5b-883a-f43ecee07dfa,33/11kV 2WT LGAD3_#2H0-LGAD5_2T0,2,25f80009-0a8e-4485-9a26-f25fdc54d7b4,eeb0a493-68cb-4790-aaee-73b692350fd3,LGAD3_#2H0,33.0,1.2578,16.3826,100.0,37d59477-078f-4220-8794-85824864e28d,LGAD5_2T0,11.0,0.0,0.0,100.0,,,,,,
de9cacbd-3914-45c3-8d05-eedd095f30a3,33/11kV 2WT LIME3_2H0-LIME5_2T0,2,c04b89ff-b581-4075-b32a-4ec69a1c6db6,4b585347-d69e-484c-a0df-5a28bff23e68,LIME3_2H0,33.0,0.512919,11.0533,100.0,c0e0a206-bd09-404a-8384-bfce125ebc65,LIME5_2T0,11.0,0.0,0.0,100.0,,,,,,
4fe6f734-c8bf-4525-9415-b031d2ab39dc,132/33kV 2WT LLAN1_#110-LLAN3_#1T0,2,6df2d2a0-a097-41d0-b31d-204a0e33dea6,28b538d1-1747-46c1-8d3d-1c55b7b7386e,LLAN1_#110,132.0,1.52808,49.1113,100.0,8f6985ef-4368-4eec-b34d-f4d6ca5f931b,LLAN3_#1T0,33.0,0.0,0.0,100.0,,,,,,
9783efda-8868-4810-aa89-99d8b804781a,33/11kV 2WT LLAN3_#1H0-LLAN5_1T0,2,6df2d2a0-a097-41d0-b31d-204a0e33dea6,1e245319-fb98-48b6-8976-c4ae2d5c303d,LLAN3_#1H0,33.0,0.827313,12.4148,100.0,88aa85f9-e362-4eaa-8e51-9a40507c9a21,LLAN5_1T0,11.0,0.0,0.0,100.0,,,,,,
80962eb4-2083-43fa-a4f5-0963426314b7,33/11kV 2WT LLAN3_#2H0-LLAN5_2T0,2,6df2d2a0-a097-41d0-b31d-204a0e33dea6,d6ae2946-a530-4378-88dd-adfe64d7165b,LLAN3_#2H0,33.0,0.837768,12.3342,100.0,9b5f83f7-0c59-4968-86c9-f98368ba6443,LLAN5_2T0,11.0,0.0,0.0,100.0,,,,,,
4982eb6d-b83a-4929-9f02-4e46c60d8357,33/11kV 2WT LLAY3_#1H0-LLAY5_1T0,2,1ecb71ac-3dae-4fc3-8988-d9690b34469d,fea4d228-2f29-4784-b65f-b2d7370ff184,LLAY3_#1H0,33.0,0.833085,11.9354,100.0,dd11a458-6508-46b6-a0b1-b1d9ef45aba1,LLAY5_1T0,11.0,0.0,0.0,100.0,,,,,,
a133000c-2f13-497a-99b0-8098b2f58442,33/11kV 2WT LLAY3_#2H0-LLAY5_2T0,2,1ecb71ac-3dae-4fc3-8988-d9690b34469d,1f8d2f9c-4a93-4f6a-acca-256e2af30897,LLAY3_#2H0,33.0,0.83461,11.979,100.0,37877dd7-bd9f-418b-8dd9-c5ed7e33c8d8,LLAY5_2T0,11.0,0.0,0.0,100.0,,,,,,
bd5a06b0-46c2-4bc2-8ef0-476391592314,33/11kV 2WT LLCY3_#1H0-LLCY5_1T0,2,03c1758a-b13f-40c5-9dc7-298f90cdb53e,3e167146-9cb2-47d9-b520-9310ea5c08d3,LLCY3_#1H0,33.0,0.666141,12.2153,100.0,5c9edcf8-89b8-443f-bb64-2de76d1bd07d,LLCY5_1T0,11.0,0.0,0.0,100.0,,,,,,
89b9c527-a222-4df2-95d7-6a6e8cbb04de,33/11kV 2WT LLCY3_#2H0-LLCY5_2T0,2,03c1758a-b13f-40c5-9dc7-298f90cdb53e,899b461b-1daf-4c30-8f8c-ca47c725e479,LLCY3_#2H0,33.0,0.667012,12.2425,100.0,cc46b5f5-b203-435b-aa3d-b5824c4a1286,LLCY5_2T0,11.0,0.0,0.0,100.0,,,,,,
9768bcd9-d93f-4cf1-ab5f-ed41411b4711,132/11kV 2WT LLEL1_#110-LLEL5_1T0,2,81c1990a-47aa-4386-910f-daebdc09a45f,3cb686f3-d355-4a52-b2e5-f4cbe63b8d1d,LLEL1_#110,132.0,4.61736,158.489,100.0,cc19e5e1-2efa-434c-9d75-fe94e0d5f616,LLEL5_1T0,11.0,0.0,0.0,100.0,,,,,,
5dab6c5c-81aa-483a-b743-20f1428f6db3,132/11kV 2WT LLEL1_#210-LLEL5_2T0,2,81c1990a-47aa-4386-910f-daebdc09a45f,2215be1d-b4e9-49ee-955a-0f0b9bf5f1a5,LLEL1_#210,132.0,9.93168,140.437,100.0,3981cf70-c607-44bc-b0c5-d090af74f7b7,LLEL5_2T0,11.0,0.0,0.0,100.0,,,,,,
4a676311-c2e3-4de7-9e2a-eb3c0e0a5b64,33/11kV 2WT LRHI3_#1H0-LRHI5_1T0,2,6544782a-b438-4186-b6b4-752eea6166f9,392c47a1-f73b-4f54-9f31-59278dd756c6,LRHI3_#1H0,33.0,1.23787,15.9124,100.0,912933d7-e004-445d-a2f8-9bc168986b80,LRHI5_1T0,11.0,0.0,0.0,100.0,,,,,,
e3566923-dda3-4bf4-8685-0c8db38995de,33/11kV 2WT LRHI3_#2H0-LRHI5_2T0,2,6544782a-b438-4186-b6b4-752eea6166f9,bb4364f6-429f-4099-abeb-2abbcea76288,LRHI3_#2H0,33.0,1.23787,15.9124,100.0,5b083418-f126-4e06-a593-4cc681936a3a,LRHI5_2T0,11.0,0.0,0.0,100.0,,,,,,
c2f0be1c-43f7-4065-88fd-ab04980944c7,33/11kV 2WT LWNI3_#1H0-LWNI5_1T0,2,81310286-14a9-450e-ac99-fe35d679c511,98a164c4-780f-4dc2-a1ae-43f489cf17b1,LWNI3_#1H0,33.0,1.26237,15.753,100.0,2c4c9b17-470b-40ba-a789-e9ec78bb2738,LWNI5_1T0,11.0,0.0,0.0,100.0,,,,,,
250524c7-c951-4fa5-9e1e-1b1ae2f9b61b,33/11kV 2WT LWNI3_#2H0-LWNI5_2T0,2,81310286-14a9-450e-ac99-fe35d679c511,fbf4fe0c-ce28-4b03-9a54-dea760c28d78,LWNI3_#2H0,33.0,0.742045,6.05266,100.0,ab6278da-4572-4f4e-864d-eac14264bde9,LWNI5_2T0,11.0,0.0,0.0,100.0,,,,,,
394a48a1-3cf5-40e0-82f4-f46868e22499,33/11kV 2WT MAER3_#1H0-MAER5_1T0,2,af801932-05c9-4e86-8af6-83844269ed6c,d55c3d0d-a8ab-4e1c-9366-94c2abf2ac5c,MAER3_#1H0,33.0,0.0001089,11.7612,100.0,59bb0f6a-2d16-4e17-849d-10b6b40c6561,MAER5_1T0,11.0,0.0,0.0,100.0,,,,,,
e545ccd1-9a6a-4f55-932f-9783652d3fe6,33/11kV 2WT MAER3_#2H0-MAER5_2T0,2,af801932-05c9-4e86-8af6-83844269ed6c,f3b1ed14-5fa3-4e6f-89d0-e80027bce4bf,MAER3_#2H0,33.0,0.0001089,11.7503,100.0,3c25de0e-1b25-4d84-a959-bfaf0f6acabb,MAER5_2T0,11.0,0.0,0.0,100.0,,,,,,
0e4feacb-c333-4461-8b1c-7f4f3c693c40,33/11kV 2WT MAES3_1H0-MAES5_1T0,2,530c231a-82f9-467d-a332-3f039665a773,11549ec6-6841-4ecf-928a-24ca4f866bc7,MAES3_1H0,33.0,0.69696,8.37441,100.0,a99435a2-a3f3-4b5e-b542-0020a6895d2c,MAES5_1T0,11.0,0.0,0.0,100.0,,,,,,
e090f0ba-72d1-46fc-b6f1-1505da979ad5,33/11kV 2WT MAES3_2H0-MAES5_2T0,2,530c231a-82f9-467d-a332-3f039665a773,286c828f-f624-4460-8637-af789a27b906,MAES3_2H0,33.0,0.693693,8.36352,100.0,a7ceb720-73d2-438e-8373-6108d6e53b52,MAES5_2T0,11.0,0.0,0.0,100.0,,,,,,
ed806ff8-4ee8-412c-beda-c4d2dd1662f9,33/11kV 2WT MEIN3_#2H0-MEIN5_2T0,2,a4830494-6407-4f6e-ab59-7daf80a9c748,066460c9-449a-41e1-af21-0a945cfe1fde,MEIN3_#2H0,33.0,1.24451,16.0167,100.0,7925f231-71da-4dd3-9410-69d55c37bd42,MEIN5_2T0,11.0,0.0,0.0,100.0,,,,,,
fe2d6a0c-80da-4486-a98e-991453218959,132/11kV 2WT MORR1_#110-MORR5_1T0,2,feb5e659-922f-4147-9582-782d17cd56e0,f5200f3c-08e6-4aa8-ba09-2fb1a8529b0c,MORR1_#110,132.0,5.07038,144.736,100.0,701d9122-7be6-499a-93f1-fbba52208ba4,MORR5_1T0,11.0,0.0,0.0,100.0,,,,,,
b72bbdf9-f057-4c1b-ab6b-b98e3ce5987d,132/11kV 2WT MORR1_#210-MORR5_2T0,2,feb5e659-922f-4147-9582-782d17cd56e0,0e6cf509-bb50-4bb6-9e18-fee3aa7068be,MORR1_#210,132.0,4.53721,143.1,100.0,83e5396e-95d5-483a-9158-19f5f30b7f5f,MORR5_2T0,11.0,0.0,0.0,100.0,,,,,,
2e6f93c4-8cdd-4b2d-988e-7e08a66b2610,132/11kV 2WT MORR1_#310-MORN5_3T0,2,feb5e659-922f-4147-9582-782d17cd56e0,af27bd20-4d04-4a04-a528-376e42598ad3,MORR1_#310,132.0,4.80693,140.588,100.0,be1c49be-f660-4665-807e-a608aa7bf869,MORN5_3T0,11.0,0.0,0.0,100.0,,,,,,
6a4b8bb3-e198-40ba-8d21-a4ae26a6ad70,132/11kV 2WT MORR1_#410-MORN5_4T0,2,feb5e659-922f-4147-9582-782d17cd56e0,4d416ca5-6ec1-4790-bf5a-b879dfb71065,MORR1_#410,132.0,4.61736,158.375,100.0,6af0c4c2-01f3-4f81-80a5-4ec83c6d5b64,MORN5_4T0,11.0,0.0,0.0,100.0,,,,,,
9a97d081-f5d7-48b1-8682-8ed916cdea48,33/11kV 2WT NANG3_#1H0-NANG5_1T0,2,b0edf008-f62c-4551-90a9-3355340a95cd,1245ca0e-103d-4c69-827e-23af717d649e,NANG3_#1H0,33.0,1.29722,15.5405,100.0,a82241ae-0b5d-4da9-b8cb-f5e05a09189b,NANG5_1T0,11.0,0.0,0.0,100.0,,,,,,
e9bf8b7e-87b6-4161-b456-56f6c47eb74e,33/11kV 2WT NANG3_#2H0-NANG5_2T0,2,b0edf008-f62c-4551-90a9-3355340a95cd,45a3dce2-47e3-4d6c-a667-87abb3a09911,NANG3_#2H0,33.0,1.30114,15.2953,100.0,47931d49-1f9e-4fe1-b822-bebbbbe43e34,NANG5_2T0,11.0,0.0,0.0,100.0,,,,,,
b5c9032a-1769-4243-8bdf-5f47435e8c0f,33/11kV 2WT NCES3_#1H0-NCES5_1T0,2,90fedf6f-ffe4-4230-ad7c-c97df84ec093,b55ec352-0f00-4825-8667-fd93ff3c2689,NCES3_#1H0,33.0,0.863577,11.0102,100.0,da9e82b7-e3e7-4f9c-b84e-38499b4fa90d,NCES5_1T0,11.0,0.0,0.0,100.0,,,,,,
099aa6de-ba6e-4e8a-a681-ceb317485cc5,33/11kV 2WT NCES3_#2H0-NCES5_2T0,2,90fedf6f-ffe4-4230-ad7c-c97df84ec093,d50d0d13-4f7f-4b58-9325-56c4097a04af,NCES3_#2H0,33.0,0.815225,11.8627,100.0,a5ce60c8-7af2-4177-a0dd-77f35b86a0bd,NCES5_2T0,11.0,0.0,0.0,100.0,,,,,,
fc86706a-ada3-4b04-8924-9ffd06e2d837,33/11kV 2WT NEVE3_#1H0-NEVE5_1T0,2,958299cb-0941-412d-b00e-864d5d3281e9,8dc91265-6da5-4bf5-ad51-45905e307d4c,NEVE3_#1H0,33.0,1.23623,15.8949,100.0,1fe81ea4-9515-434a-9a27-82df74590ed9,NEVE5_1T0,11.0,0.0,0.0,100.0,,,,,,
299a320f-ed69-4e9b-9e26-6af021f38b7d,33/11kV 2WT NEWL3_#1H0-NEWL5_1T0,2,5351c039-4c80-486c-9668-0649464fd5f1,4447f5f2-5766-4ddb-93e0-d58ef9087e6d,NEWL3_#1H0,33.0,0.96823,11.9835,100.0,aa0ccbce-c99e-4e8b-a754-6bd49ef2048e,NEWL5_1T0,11.0,0.0,0.0,100.0,,,,,,
358568c9-35ca-448f-bacf-03b00e60f41f,33/11kV 2WT NEWL3_#2H0-NEWL5_2T0,2,5351c039-4c80-486c-9668-0649464fd5f1,ce24123d-6e13-426c-8d5d-1e550ab7195d,NEWL3_#2H0,33.0,0.963438,11.9256,100.0,765d2a69-6cde-4404-afc8-8c4feb5af67d,NEWL5_2T0,11.0,0.0,0.0,100.0,,,,,,
3feebf92-ff26-424d-b0a0-cfd2661f9fca,33/11kV 2WT PANF3_#1H0-PANF5_1T0,2,a0c6d693-5ac7-4efd-8526-50fe294bce20,483447b7-62ab-4f24-ab71-d4c6ea5fbf5f,PANF3_#1H0,33.0,0.568458,12.1467,100.0,56cafe92-c047-44ae-8ce4-dbd0eaf0dd48,PANF5_1T0,11.0,0.0,0.0,100.0,,,,,,
34165fa4-6fde-4298-a601-56cb3a56708c,33/11kV 2WT PANF3_#2H0-PANF5_2T0,2,a0c6d693-5ac7-4efd-8526-50fe294bce20,158a636f-7b0a-46bf-8a7a-ddcea2929165,PANF3_#2H0,33.0,0.565191,12.1108,100.0,e231b7a3-0509-4ed0-9b38-b833677e5de4,PANF5_2T0,11.0,0.0,0.0,100.0,,,,,,
e5177f70-d012-4d58-a85e-229aa3557cf8,33/11kV 2WT PEND3_#1H0-PEND5_1T0,2,b846a4d4-f1ee-4999-bad7-7b5be75d80e4,189004ca-6605-4d12-aa72-857067b54c82,PEND3_#1H0,33.0,1.17612,15.8994,100.0,0c7df59b-f3c1-49de-b1d2-6ee05ca712e1,PEND5_1T0,11.0,0.0,0.0,100.0,,,,,,
bae89307-de31-48d1-955f-56b70f8ffba5,33/11kV 2WT PEND3_#2H0-PEND5_2T0,2,b846a4d4-f1ee-4999-bad7-7b5be75d80e4,970a1e1a-3a10-4530-914b-ebb92d310a9b,PEND3_#2H0,33.0,1.17612,15.8994,100.0,3f22d679-1031-4838-8567-8cbe041e4fbe,PEND5_2T0,11.0,0.0,0.0,100.0,,,,,,
78da625c-2155-4d5f-b6c2-68a75c0b0940,33/11kV 2WT PONA3_#1H0-PONA5_1T0,2,ad72df52-439a-4419-9017-797b57b3ac8c,4f6a9b23-89f4-494f-8bcc-534fdb30e68e,PONA3_#1H0,33.0,1.23101,15.7555,100.0,8e3d5353-f01e-4124-8f26-d544a89da79b,PONA5_1T0,11.0,0.0,0.0,100.0,,,,,,
943cf557-fb19-4fbc-b236-b43efb978279,33/11kV 2WT PONA3_#2H0-PONA5_2T0,2,ad72df52-439a-4419-9017-797b57b3ac8c,e233dfbb-e885-4e14-acef-eebd7d03d696,PONA3_#2H0,33.0,1.23721,15.6852,100.0,9a030491-63c2-4e80-bae1-eef3a763a019,PONA5_2T0,11.0,0.0,0.0,100.0,,,,,,
b50e1e89-0e67-455e-ac96-5bc91ec3aa6b,33/11kV 2WT POND3_#1H0-POND5_1T0,2,a3afca26-371a-4ba6-939c-066141485747,9132381b-8e10-4176-9747-030b1326d8c1,POND3_#1H0,33.0,0.551143,12.2661,100.0,354ccb55-5da4-4be8-b026-49b08a2508f7,POND5_1T0,11.0,0.0,0.0,100.0,,,,,,
02746124-ec51-41f2-ae75-fcadd3cc0de4,33/11kV 2WT POND3_#2H0-POND5_2T0,2,a3afca26-371a-4ba6-939c-066141485747,461a9d00-cd20-4c9f-9421-0fe321796779,POND3_#2H0,33.0,0.551252,12.2479,100.0,d83f20bf-a27d-467e-8f55-93b1a1f444ee,POND5_2T0,11.0,0.0,0.0,100.0,,,,,,
c0910347-7db3-469f-a00a-9cb158978931,33/11kV 2WT PONY3_#1H0-PONY5_1T0,2,c7c55f64-26d0-4072-a656-6a729ab3b1d2,4e1076db-fa3f-42dc-b73d-10fb0118c211,PONY3_#1H0,33.0,1.28099,15.6729,100.0,f421aa24-8c28-40f8-aa54-cf5cac197224,PONY5_1T0,11.0,0.0,0.0,100.0,,,,,,
b618f867-ab2e-4553-a0d7-9511dd73a62a,33/11kV 2WT PONY3_#2H0-PONY5_2T0,2,c7c55f64-26d0-4072-a656-6a729ab3b1d2,2b737d80-f5aa-4a04-b6f3-2130a7225892,PONY3_#2H0,33.0,1.46688,15.4028,100.0,e872fbcf-8c24-4bff-8c06-190e80aa7197,PONY5_2T0,11.0,0.0,0.0,100.0,,,,,,
3f41b0dd-5043-4c55-8a0e-9f57f70c8ad3,33/11kV 2WT RAVE31-RAVE5_1T0,2,fd1d80fa-309c-4707-ae6a-d7db4c1ccd8e,fd073290-4bf6-4080-a173-5463022b8818,RAVE31,33.0,0.643599,12.2796,100.0,9cdafb84-11f3-4945-b51f-0224c613dfea,RAVE5_1T0,11.0,0.0,0.0,100.0,,,,,,
460ae3f0-ece0-44cc-b368-77ffdf8da776,33/11kV 2WT RAVE32-RAVE5_2T0,2,fd1d80fa-309c-4707-ae6a-d7db4c1ccd8e,9d5e9362-de6e-4ec4-b285-2ff3ee4a0acc,RAVE32,33.0,0.67518,10.5851,100.0,9b495fea-3a43-4930-89bb-9db9ecd905a9,RAVE5_2T0,11.0,0.0,0.0,100.0,,,,,,
b4eff406-1b10-4d8e-b9bf-6e6002592699,132/33kV 2WT RHOS1_#110-RHOS3_#1T0,2,c613dddc-7d93-4acb-9d38-d772b09a865c,0b7dd859-1c6d-468e-9add-d6148f2bbfeb,RHOS1_#110,132.0,2.77042,49.7943,100.0,7acac3ed-ae32-422a-a612-3d65b6a7fe26,RHOS3_#1T0,33.0,0.0,0.0,100.0,,,,,,
ef3422dc-7825-4c86-be4a-af4fee619008,33/11kV 2WT RHOS3_#3H0-RHOS5_3T0,2,c613dddc-7d93-4acb-9d38-d772b09a865c,22aa1e2f-dedc-4e97-ac06-8f2a519a0658,RHOS3_#3H0,33.0,0.834174,11.9932,100.0,55ee4752-f9b6-4ff4-acf5-3f76964aa62b,RHOS5_3T0,11.0,0.0,0.0,100.0,,,,,,
9fa56c47-5682-4f2e-9886-a058cc498066,33/11kV 2WT RHOS3_#4H0-RHOS5_4T0,2,c613dddc-7d93-4acb-9d38-d772b09a865c,f512159a-e3ec-4e79-890e-bff96efd1582,RHOS3_#4H0,33.0,0.842886,12.0661,100.0,95fd8c75-be7e-46b0-8b3f-a18dae9bed72,RHOS5_4T0,11.0,0.0,0.0,100.0,,,,,,
a980d33a-e9a5-486d-acb8-666327b88de9,33/11kV 2WT STCL3_#1H0-STCL5_1T0,2,3bf8e744-57c0-4d78-b42c-a1093c6ca7d7,bf852fe7-47a1-44d7-b0ee-e5c0455f81b2,STCL3_#1H0,33.0,1.08192,12.3091,100.0,43466aa0-b473-40a1-a4b1-1d45fb0a6309,STCL5_1T0,11.0,0.0,0.0,100.0,,,,,,
d7b0e042-653c-48ad-87cd-51e872254fa8,33/11kV 2WT STCL3_#2H0-STCL5_2T0,2,3bf8e744-57c0-4d78-b42c-a1093c6ca7d7,24814ac1-b5ef-49b4-80bc-b523a60239b9,STCL3_#2H0,33.0,1.08138,12.433,100.0,49a6479c-762b-4be4-8bd8-4db6de406db5,STCL5_2T0,11.0,0.0,0.0,100.0,,,,,,
ca029809-763d-4910-becf-905a0ce56784,33/11kV 2WT STRA31-STRA5_1T0,2,ec840e9c-d60d-4c05-b1c2-c62ac35d21de,a454398c-e949-4185-918e-736b09f6392f,STRA31,33.0,0.46827,10.4544,100.0,1cbb78e9-8efc-4a8c-bdb1-2799ea130a60,STRA5_1T0,11.0,0.0,0.0,100.0,,,,,,
d94dc0f0-e71c-41fe-ac90-6367828db09e,33/11kV 2WT STRA32-STRA5_2T0,2,ec840e9c-d60d-4c05-b1c2-c62ac35d21de,bf67ca76-d558-487a-a9d0-7b32938432df,STRA32,33.0,0.46827,10.4653,100.0,ee8c6aee-14ae-41e7-95ed-006ab387f463,STRA5_2T0,11.0,0.0,0.0,100.0,,,,,,
fb878042-ecf3-4c8f-b1a4-40a089c9334a,132/33kV 2WT SWAN1_#110-SWAN3_#1T0,2,493e416d-b57e-45b5-beb7-5fe15f6d1242,53837905-73c4-4c2e-aaa2-a7791ee6610d,SWAN1_#110,132.0,0.61681,42.4902,100.0,40ecb771-1544-44c2-a97e-6c13b9bbfe0b,SWAN3_#1T0,33.0,0.0,0.0,100.0,,,,,,
f1afeabc-be42-47d4-a229-a3b65ece0d6b,132/33kV 2WT SWAN1_#210-SWAN3_#2T0,2,493e416d-b57e-45b5-beb7-5fe15f6d1242,39325f04-1760-4211-a13a-b3de03560bb2,SWAN1_#210,132.0,0.702187,42.3543,100.0,f5375b91-d2fe-4d83-be47-7cf39678be67,SWAN3_#2T0,33.0,0.0,0.0,100.0,,,,,,
771c9552-b818-4f88-881d-1c482052e3b8,132/33kV 2WT SWAN1_#310-SWAN3_#3T0,2,493e416d-b57e-45b5-beb7-5fe15f6d1242,f462c6a0-acc0-42b9-8f1a-72b7288fe509,SWAN1_#310,132.0,0.60984,42.5302,100.0,23adc2fe-16a2-437c-91e3-232c932d4a9f,SWAN3_#3T0,33.0,0.0,0.0,100.0,,,,,,
9467d2ef-5010-4bee-bbb4-ab4ec5dd45a9,33/11kV 2WT SWAT31-SWAT5_1T0,2,5ca028d3-18bb-47fd-ba58-b0938f9dd650,a0d908a1-aaae-431e-af58-153677061097,SWAT31,33.0,0.654162,12.2698,100.0,60f47389-fb6c-452f-bd35-4f9cd88ec4a4,SWAT5_1T0,11.0,0.0,0.0,100.0,,,,,,
b8c07fd4-d908-42b3-82a0-8b266e0f2bbc,33/11kV 2WT SWAT32-SWAT5_2T0,2,5ca028d3-18bb-47fd-ba58-b0938f9dd650,6aab4f47-a013-46e1-bead-76c1f745141b,SWAT32,33.0,0.531541,12.1217,100.0,57e2729b-2dd1-41d8-b865-b4579cfd38ea,SWAT5_2T0,11.0,0.0,0.0,100.0,,,,,,
9ae4eeef-99d8-4d76-867f-678b11446870,132/33kV 2WT SWAW1_113-SWAW3_#1T0,2,bfca696f-205e-4ae7-83a8-3e5c6eaef49f,7ef444ad-cfce-4412-89fb-ef3dd88a0dd0,SWAW1_113,132.0,1.28938,42.985,100.0,d977e381-ad8e-401c-9692-9e5f0d7dca87,SWAW3_#1T0,33.0,0.0,0.0,100.0,,,,,,
b1d52d71-f83b-49f8-832d-d4ccd6872184,132/33kV 2WT SWAW1_213-SWAW3_#2T0,2,bfca696f-205e-4ae7-83a8-3e5c6eaef49f,ae0be67e-9c51-4910-88f2-f8d4460c587a,SWAW1_213,132.0,1.27195,43.1767,100.0,11026443-971f-4a9f-b451-05a6e7063ab9,SWAW3_#2T0,33.0,0.0,0.0,100.0,,,,,,
a6ceeafb-7cce-4376-8c09-ab08ae8676de,33/11kV 2WT SWNL31-SWNL5_1T0,2,f089a64c-7d94-4894-be41-5b410d43c510,3880645b-bc80-42ab-97de-6f83c44facc1,SWNL31,33.0,1.0645,12.2377,100.0,76f0a1dd-ff88-4499-8bf6-79e591ee68b1,SWNL5_1T0,11.0,0.0,0.0,100.0,,,,,,
53d74d9a-f5ce-4339-b3c7-f30b96bedf4c,33/11kV 2WT SWNL32-SWNL5_2T0,2,f089a64c-7d94-4894-be41-5b410d43c510,57d4c0e8-e8d3-4ed7-9e86-3a50e92f741a,SWNL32,33.0,1.06951,12.2008,100.0,765b433d-f039-4e29-9ad0-2799b65faad7,SWNL5_2T0,11.0,0.0,0.0,100.0,,,,,,
11ab0a11-e861-4eef-9c92-026b86128f63,33/11kV 2WT SWWF31-SWWF5_1T0,2,8d652735-4a34-4c06-98b1-46b17796854e,4713c7f3-aad9-4d43-a712-15fbe83f92b7,SWWF31,33.0,0.30688,8.64666,100.0,bf906a5c-356d-4889-8652-3e55bd57949f,SWWF5_1T0,11.0,0.0,0.0,100.0,,,,,,
0bb44680-ee4d-4cb1-a6f4-9eb5fbef6f01,33/11kV 2WT SWWF32-SWWF5_2T0,2,8d652735-4a34-4c06-98b1-46b17796854e,6470d46f-f729-4e06-b6bf-59c313cb047a,SWWF32,33.0,0.307534,8.68478,100.0,4fe07416-e720-49be-a0b3-18dcd5dbbf41,SWWF5_2T0,11.0,0.0,0.0,100.0,,,,,,
3ab76481-a02b-4e73-a30e-0c6e5ee949d3,132/33kV 2WT TIRJ1_#110-TIRJ3_#1T0,2,f8742e63-e644-4274-88f7-5c42979c8351,e1608a0f-ee7a-4e6b-967a-351a5598cfc5,TIRJ1_#110,132.0,1.01059,39.8835,100.0,2d48ce5a-1e92-405c-9bad-918ca5081032,TIRJ3_#1T0,33.0,0.0,0.0,100.0,,,,,,
b74cde7f-3dc9-4fdf-8ce7-97a115eb65c8,132/33kV 2WT TIRJ1_#210-TIRJ3_#2T0,2,f8742e63-e644-4274-88f7-5c42979c8351,073e0742-ccfe-4186-b24a-86ec5d5a7dc1,TIRJ1_#210,132.0,1.13256,42.2009,100.0,9c531ce5-be90-4c0d-9313-ed2bea3d02a2,TIRJ3_#2T0,33.0,0.0,0.0,100.0,,,,,,
2f922bc9-b24f-473c-9c8e-06ce430d0780,33/6.6kV 2WT TIRJ33-TIRJ7_3T0,2,f8742e63-e644-4274-88f7-5c42979c8351,f7303d06-57a7-4f5c-b3ba-31c757a8935e,TIRJ33,33.0,0.860963,12.7923,100.0,5483e9e5-a5f0-4cd1-832f-1a1163c7812d,TIRJ7_3T0,6.6,0.0,0.0,100.0,,,,,,
0201acb5-2651-41c9-ae07-14613491da4c,33/6.6kV 2WT TIRJ34-TIRJ7_4T0,2,f8742e63-e644-4274-88f7-5c42979c8351,9e275efa-6db7-4c85-b2de-4f2125dcb568,TIRJ34,33.0,0.84844,12.764,100.0,1f0a642e-a628-4a5b-8733-618a0cfc2e05,TIRJ7_4T0,6.6,0.0,0.0,100.0,,,,,,
115cc2c6-f169-4654-ad85-9db860d4889f,33/11kV 2WT TRAV3_#3H0-TRAV5_3T0,2,165b59d3-53c4-453f-87eb-4581181463f2,aa22273f-f5df-454e-90b7-f0df22d0850a,TRAV3_#3H0,33.0,1.84771,12.2694,100.0,3942d5aa-3977-4d35-8e62-17ebdba1bce0,TRAV5_3T0,11.0,0.0,0.0,100.0,,,,,,
63f633d0-10ac-4832-939a-0e82484441b3,33/11kV 2WT TRAV3_#4H0-TRAV5_4T0,2,165b59d3-53c4-453f-87eb-4581181463f2,3064b5bd-bd99-4ecb-9556-cf4d362d346a,TRAV3_#4H0,33.0,1.84771,12.2694,100.0,d1560ae4-9525-4fe5-8cc1-2958eb42aba1,TRAV5_4T0,11.0,0.0,0.0,100.0,,,,,,
42e37f5e-ebb5-4a26-9b77-5f7ab4ea7853,33/11kV 2WT TREG3_#1H0-TREG5_1T0,2,7d50b23f-d08a-4760-9436-60091d914025,3f03ae99-f820-4913-8bf8-ad432d91fb52,TREG3_#1H0,33.0,0.49005,14.519,100.0,d96c543b-609a-416c-86a8-d205e1edbfcd,TREG5_1T0,11.0,0.0,0.0,100.0,,,,,,
cda8fd7d-866b-4ac2-b415-b2b3ed20cf4a,33/11kV 2WT TREG3_#2H0-TREG5_2T0,2,7d50b23f-d08a-4760-9436-60091d914025,590b2cc4-9dbb-4d67-9d01-c85105f5a1f9,TREG3_#2H0,33.0,0.49005,14.6933,100.0,13dcf757-8fa6-44b2-9301-9c812fd8229c,TREG5_2T0,11.0,0.0,0.0,100.0,,,,,,
35752c71-7a4c-44d6-a1b0-9f9288945ede,33/11kV 2WT TREV3_#1H0-TREV5_1T0,2,92273d50-bbd5-456c-ad66-e74b4e824a0a,5eeec677-2a59-42e5-805b-f0b74c4469c7,TREV3_#1H0,33.0,0.306009,11.184,100.0,1a613191-762e-47c1-946a-62b35eea070a,TREV5_1T0,11.0,0.0,0.0,100.0,,,,,,
49e2f897-228c-452b-af0b-56b1ae2d14e4,33/11kV 2WT TREV3_#2H0-TREV5_2T0,2,92273d50-bbd5-456c-ad66-e74b4e824a0a,16cf6d81-4fa4-4d08-acb5-11477615d5d5,TREV3_#2H0,33.0,0.51183,10.89,100.0,8fc03551-8046-4d90-b951-4b4694fec1e5,TREV5_2T0,11.0,0.0,0.0,100.0,,,,,,
ecd55a2d-ab6e-475e-9201-697a646f8364,132/33kV 2WT TROS1_#110-TROS3_#1T0,2,0bdd5b60-7537-46ea-945c-5870077cfc92,5a6409f6-ae80-4c26-8d6c-53425d1935f3,TROS1_#110,132.0,1.20226,34.151,100.0,6ea400c0-605a-48d6-a6a9-80e74a0f21a5,TROS3_#1T0,33.0,0.0,0.0,100.0,,,,,,
ede44664-5f29-406d-a9fd-c64d5969ba06,132/33kV 2WT TROS1_#210-TROS3_#2T0,2,0bdd5b60-7537-46ea-945c-5870077cfc92,cafd40f5-75bf-4e33-9005-a25a6734c981,TROS1_#210,132.0,1.2371,33.7851,100.0,c65760ac-5f3c-41be-b85b-e25c0b3b5bf8,TROS3_#2T0,33.0,0.0,0.0,100.0,,,,,,
160f8cf8-026e-4dc7-8222-1783ec6926ae,33/11kV 2WT TSKT3_1H3-SKET5_1T0,2,c9923d45-4a89-4614-a3ff-9edb615e63cb,53134f8c-7282-44c0-923b-e273e86c139f,TSKT3_1H3,33.0,0.774279,11.5543,100.0,4cf6db7c-2eb8-4ee1-bc0a-bc63ca329300,SKET5_1T0,11.5,0.0,0.0,100.0,,,,,,
edabeddb-dab9-4deb-8a8e-33d08b231312,33/11kV 2WT TSKT3_2H3-SKET5_2T0,2,c9923d45-4a89-4614-a3ff-9edb615e63cb,728c0543-87fa-4f4d-8e3f-d8c3657952f1,TSKT3_2H3,33.0,0.776457,11.5325,100.0,926cea70-0fc9-4288-9901-d208e5d07908,SKET5_2T0,11.5,0.0,0.0,100.0,,,,,,
b086869a-736b-4b18-8042-fc4db7400caa,33/11kV 2WT TUMB3_1H4-TUMB5_1T0,2,6315cf06-7a91-4a21-83f6-356debf2bfb1,a0700c1d-911b-4132-aa11-af95c54d5206,TUMB3_1H4,33.0,1.14345,12.1576,100.0,6f2d3f2e-710d-43ac-b105-0b1c01e5f9a9,TUMB5_1T0,11.0,0.0,0.0,100.0,,,,,,
b63bb1cf-9128-4945-b648-0ca7fb2ad896,33/11kV 2WT TUMB3_2H4-TUMB5_2T0,2,6315cf06-7a91-4a21-83f6-356debf2bfb1,c89d7122-591d-493a-a70a-7e4f51cedef6,TUMB3_2H4,33.0,1.14127,12.0411,100.0,91d25ceb-6b5c-4993-aaf0-7292284ff29b,TUMB5_2T0,11.0,0.0,0.0,100.0,,,,,,
37cafbdb-1bfe-4530-b991-ccedc8735620,33/11kV 2WT UPBK31-UPBK5_1T0,2,002da0da-94f0-4a92-bfe3-f4f30dc38d8b,17483848-e8f5-4f78-9a21-75c0b4d31654,UPBK31,33.0,0.53361,12.1217,100.0,b7bf63e6-8755-4b38-bca1-fe115f2eca63,UPBK5_1T0,11.0,0.0,0.0,100.0,,,,,,
bbc7cb22-8eaf-4d53-9c8b-725dc4fca5bf,33/11kV 2WT UPBK32-UPBK5_2T0,2,002da0da-94f0-4a92-bfe3-f4f30dc38d8b,88478255-a542-43ab-8813-ea0d21784565,UPBK32,33.0,0.5445,11.7612,100.0,485e7f5d-f2f4-44f2-a836-04a2107e0aab,UPBK5_2T0,11.0,0.0,0.0,100.0,,,,,,
bef22958-d69e-4f8d-b27e-4e1c254af2c4,33/11kV 2WT UPLA3_1H4-UPLA5_1T0,2,7743dc22-b572-4551-bd71-d62055b077a2,173aa4c2-483c-45f6-bbd9-694c3d8b6ffb,UPLA3_1H4,33.0,0.459558,7.22007,100.0,e75adbe5-6629-4740-8cc6-73e4d5e7cb64,UPLA5_1T0,11.5,0.0,0.0,100.0,,,,,,
99d5a18f-c771-4a28-a479-bcf6c98e551c,33/11kV 2WT UPLA3_2H4-UPLA5_2T0,2,7743dc22-b572-4551-bd71-d62055b077a2,8fbe7bcd-5869-498b-bdf5-1dd3ca04d82d,UPLA3_2H4,33.0,0.448668,7.37253,100.0,9d16d487-b378-4504-bde2-f6d09febdee9,UPLA5_2T0,11.5,0.0,0.0,100.0,,,,,,
eb4e3618-c184-49d5-831c-b4ff3afe5ee6,33/11kV 2WT VICR31-VICR5_1T0,2,74e1c6c3-a065-4d79-b16c-7efaed890f89,debb3cce-2523-40f0-862b-d192575f3ba6,VICR31,33.0,0.538402,12.1031,100.0,bc2bcca8-d6fc-4671-904b-29dcb917f556,VICR5_1T0,11.0,0.0,0.0,100.0,,,,,,
d123a29b-9cd0-49d4-bf0b-40138eae85b5,33/11kV 2WT VICR32-VICR5_2T0,2,74e1c6c3-a065-4d79-b16c-7efaed890f89,b7524d67-1317-468e-84fb-2ce90df0cd57,VICR32,33.0,0.538402,12.0941,100.0,a50f94ff-c190-4ad9-aa6f-e9f13005f502,VICR5_2T0,11.0,0.0,0.0,100.0,,,,,,
67f6a058-559d-45dc-8d34-66cb94101f30,33/11kV 2WT WERN31-WERN5_1T0,2,b2316fa4-9a8c-44f7-848d-7c618f290e90,7af2b6d8-b98d-4bef-853b-b80d770b286a,WERN31,33.0,1.19463,12.0607,100.0,6d14edcc-21fb-4c54-b825-8761635a015d,WERN5_1T0,11.0,0.0,0.0,100.0,,,,,,
a1fff24d-47f1-4f94-a16d-0e4dec930ca3,33/11kV 2WT WERN32-WERN5_2T0,2,b2316fa4-9a8c-44f7-848d-7c618f290e90,872df5b3-9597-4520-bf23-11220be57f7e,WERN32,33.0,1.20117,12.1968,100.0,87821f43-1500-4596-8bbf-6a115bfb798e,WERN5_2T0,11.0,0.0,0.0,100.0,,,,,,
629dedd8-ac33-4310-8f1d-8a9abeed1014,33/11kV 2WT WESF3_#1H0-WESF5_1T0,2,68733965-7a72-467b-8933-871bcd414b44,dfd39d9e-03da-4122-90ff-45f38ed8cc8f,WESF3_#1H0,33.0,0.474259,8.60855,100.0,450b6384-86ae-4ec9-ab79-4082421bf0e8,WESF5_1T0,11.0,0.0,0.0,100.0,,,,,,
e54aee22-46e4-4a71-b1c0-969c7113de8e,33/11kV 2WT WESF3_#2H0-WESF5_2T0,2,68733965-7a72-467b-8933-871bcd414b44,49ecb1e5-39c6-4aad-bad1-81434e0391d4,WESF3_#2H0,33.0,0.475349,8.59003,100.0,fe8787ae-24f6-40ab-a641-a8a1b03cc9ab,WESF5_2T0,11.0,0.0,0.0,100.0,,,,,,
f7d1adab-429a-4684-a3c8-59b23fb2a661,33/11kV 2WT WESX3_1H3-WESX5_1T0,2,9809545b-2455-42c7-ac91-c8b7ba31b644,a3227edd-56a2-425a-99ce-6ed5570237cb,WESX3_1H3,33.0,0.962676,11.6414,100.0,7713accd-0763-4ed7-9262-9888ab2b853f,WESX5_1T0,11.0,0.0,0.0,100.0,,,,,,
52100770-cd04-41e9-95a2-70c5e2e68309,33/11kV 2WT WESX3_2H3-WESX5_2T0,2,9809545b-2455-42c7-ac91-c8b7ba31b644,60bb2adc-d990-4960-afe6-ad6c76678d19,WESX3_2H3,33.0,0.950697,11.685,100.0,e19d4d72-cf81-4f2f-9e4f-95d019691b53,WESX5_2T0,11.0,0.0,0.0,100.0,,,,,,
aa63ba4c-c179-4528-bec8-8afb3df0f73d,33/11kV 2WT WHIT3_#1H0-WHIT5_1T0,2,12d03db8-6439-4389-a2fe-52760fe0f4b4,854357a5-ab78-415f-9570-03e67c8c931b,WHIT3_#1H0,33.0,1.22883,15.5634,100.0,73f55b33-3bc5-4e11-a85b-11bba45ec960,WHIT5_1T0,11.0,0.0,0.0,100.0,,,,,,
c0227746-35a4-40d8-927a-fad642e747b1,33/11kV 2WT WHIT3_#2H0-WHIT5_2T0,2,12d03db8-6439-4389-a2fe-52760fe0f4b4,447f92bd-0763-43ae-bfc3-5441681ec84e,WHIT3_#2H0,33.0,1.2444,15.8943,100.0,86a1c2af-15b6-4c84-8ee9-cd91f9fe5e6a,WHIT5_2T0,11.0,0.0,0.0,100.0,,,,,,
49f6e580-a5d0-4e36-ba27-2ddcf3d1d2eb,33/11kV 2WT YNST3-YNST5_1T0,2,72bd93df-41a4-4633-bac7-008184f91ccc,b9f4bc32-a024-45ec-90cb-8cf8dfcbc9ef,YNST3,33.0,0.564102,12.1108,100.0,d12855d7-6f15-440d-92f2-5c32c08de2ca,YNST5_1T0,11.0,0.0,0.0,100.0,,,,,,
3cd0d52e-3896-4379-8c5f-44a176ade2cc,33/11kV 2WT YNYS3_#1H0-YNYS5_1T0,2,758c647f-13cb-4ee3-954c-759b982ef781,70c861fe-db41-4e0c-9142-7a7c70443d6e,YNYS3_#1H0,33.0,0.854974,12.2541,100.0,1a116a27-a992-4a3b-b70d-c1577977387e,YNYS5_1T0,11.0,0.0,0.0,100.0,,,,,,
63fc3aa5-e74d-4157-b5cb-334c575a6fde,33/11kV 2WT YNYS3_#2H0-YNYS5_2T0,2,758c647f-13cb-4ee3-954c-759b982ef781,50de08c0-7a7f-45f4-a3b0-898a8c2fffe3,YNYS3_#2H0,33.0,0.862597,12.0789,100.0,9486c3ac-0ee9-4be4-b012-ad28089c98da,YNYS5_2T0,11.0,0.0,0.0,100.0,,,,,,
8fc31f03-f5a3-4a90-8566-9f10ec10bcd1,33/33kV 2WT YSTF3_#3L5-YSTF3_#4L5,2,c6d7567b-00d1-4c00-beb7-2e5e56cc792a,e93a405a-e465-473a-9fe3-e3e4b1df10b3,YSTF3_#3L5,33.0,0.261904,1.65778,100.0,7684d83d-22de-46ea-b3f7-b1dbfcbe6555,YSTF3_#4L5,33.0,0.0,0.0,100.0,,,,,,
68388669-6864-4a40-80b6-d069f177e602,132/33kV 2WT YSTR1_#110-TRAV31,2,165b59d3-53c4-453f-87eb-4581181463f2,2afce40d-56dd-41cc-93ee-aef936dc9079,YSTR1_#110,132.0,2.21633,50.6359,100.0,41c6b8f9-6770-4ae0-a2b2-7340f4986220,TRAV31,33.0,0.0,0.0,100.0,,,,,,
370df7e3-834c-4703-bc4f-cfc7319fc4b2,132/33kV 2WT YSTR1_#210-TRAV32,2,165b59d3-53c4-453f-87eb-4581181463f2,b9c87bb8-1a94-42b8-811d-964e62a13820,YSTR1_#210,132.0,2.178,48.3516,100.0,0c997bfc-9324-445f-abb0-807f432b199f,TRAV32,33.0,0.0,0.0,100.0,,,,,,
