mrid,name,from_node,to_node,from_name,to_name,r_ohm,x_ohm,bch_s,length_km,kv,container
1fe22604-4c21-48af-ad09-b73537541820,33kV Line 52L6001P11-BISH3_#2L5[sec]0,fb6117a7-8160-44ba-9c3f-0a85470393ed,8125d5f3-20cc-4a61-9aff-b16612881cac,52L6001P11,BISH3_#2L5,1.31403,2.42561,2.8704e-05,7.405,33.0,f09c74e2-1266-4156-aa16-b6dc8fa1d7be
2f62509d-d42a-4886-bdb5-647b25118526,33kV Line 52L6022P24-PWLL3_2L9[sec]0,3bb3ec78-cfe8-4ea8-a5a2-dc9997976b43,7bfc8a2f-86e1-4c2c-a463-18295ccece85,52L6022P24,PWLL3_2L9,0.456257,0.969079,7.32663e-06,2.481,33.0,ddbaf55e-1d44-447c-a965-ff5a94ab6ef3
ff90211a-d9f2-4aa6-935a-895370696478,33kV Line 52L6022P7-CYNH3T[sec]0,a659bc73-cef6-4a40-b0fc-38ceda0450c1,34aa93ae-46fe-4bf1-92d2-e7c49fc57c79,52L6022P7,CYNH3T,0.107263,0.153023,0.000109407,1.0508,33.0,ae173436-773f-4af6-9f86-e25f962c2eef
b29b300f-0b1b-4eb9-9011-fe2f930d9d73,33kV Line 52L6032P1A-PANF3_1L3[sec]0,6493255a-859a-41bf-9157-06502993cfae,e87025d9-3374-4f52-af2f-c6219e41fdf9,52L6032P1A,PANF3_1L3,0.630901,0.83523,6.47383e-05,2.591,33.0,07f438c5-781c-40eb-b562-ea732129167e
340a9c31-ecec-40b7-9798-0ff426dcfe43,33kV Line 52L6036P46-52L6036P33[sec]0,eb795eb0-b8a9-4805-8c94-ed9aba92f485,7976af71-88a6-4cda-ab8d-19cc1f4d8ad1,52L6036P46,52L6036P33,0.245323,0.481708,4.2747e-06,1.334,33.0,93d04b1e-49fb-4ab2-8eee-3fce202f357b
2b7861d3-5b6c-4acd-9d2e-fb0acccbcc63,33kV Line 52L6039P9-TUMB3_2L5[sec]0,17f76840-6ba8-46d4-8722-c49b077a23ef,5624cf1a-9086-4e7f-982c-85c61f714fc9,52L6039P9,TUMB3_2L5,0.878588,2.41513,6.70201e-05,6.687,33.0,7944990d-a396-4469-9e7c-73bcef5e8e00
dddbacad-1f84-4ea3-98b6-6b6721b50dc8,33kV Line 52L6044P36-ABNT3[sec]0,0559ec71-d83b-4f5e-bbc7-26decf59f712,9c954b5d-98c7-4ae8-86d8-5c0b2a15220d,52L6044P36,ABNT3,0.0429791,0.0974777,6.91842e-07,0.242,33.0,b35fa16d-7acd-43c4-95b4-38a8e8e06eb7
727457ef-34a8-429c-9fc6-a66b2ea59dfd,33kV Line 52L6045P73A-ABNT3[sec]0,07ec22fc-91cf-49e6-a47a-97f860282d3d,9c954b5d-98c7-4ae8-86d8-5c0b2a15220d,52L6045P73A,ABNT3,0.0262996,0.0529988,4.74255e-07,0.148,33.0,75ba2a80-b7f4-4bc0-ac80-6d3e74387933
63145263-acb8-47fe-bdc2-378d16cd95b0,33kV Line 52L6047P38A-ABNT3[sec]0,d8141c44-58ee-4593-904a-9c60f0dae217,9c954b5d-98c7-4ae8-86d8-5c0b2a15220d,52L6047P38A,ABNT3,0.0280766,0.0565799,5.06299e-07,0.158,33.0,c8fc407c-de5d-4e4f-841a-014267238c4d
c2aa5f01-ef2d-4c06-8746-7aa1cf470e7b,33kV Line 52L6053P10-52L6053P11[sec]0,53fa2dc5-cc89-4969-a852-80ec3e69cbfb,055fc25c-7423-4236-8372-d055d188774d,52L6053P10,52L6053P11,0.022068,0.0468721,3.54371e-07,0.12,33.0,39639a79-1a8b-4419-8716-6feb4ae418c8
f8e4b033-fbbc-4f88-8fc1-5ffa17423902,33kV Line 52L6061P35E-GLWI3T[sec]0,0ab11fe3-d903-443c-bb6c-56186fcd7cc0,3d45ee9b-9b3c-412b-b392-8e0d6dd4e45d,52L6061P35E,GLWI3T,0.325504,0.691363,5.22698e-06,1.77,33.0,27b64720-676d-48c4-b017-74eaa9546cce
98f4477b-2a97-40b6-ae71-ecbce3d06b71,33kV Line 52L6061P35W-LIME3T[sec]0,88d1f52f-1cda-4941-b37c-f61e0b00e1eb,c2340108-47ce-4877-b89e-9e369b838380,52L6061P35W,LIME3T,0.640495,1.23926,1.18868e-05,3.576,33.0,06abefb2-d0f7-474d-a045-589d31644eac
696019df-8d83-4fa8-b79e-4d1d7c4c60fe,33kV Line 52L6067P19-INCS3_MAIN2[sec]0,9b3920f8-e80a-4fd4-a331-78559772001f,4115b4f0-e476-400c-8f6f-245abc4b3409,52L6067P19,INCS3_MAIN2,0.010936,0.014952,1.24407e-07,0.04,33.0,22249f1b-2b41-4602-ac77-ac34cd2c6fec
56b7375f-94a7-4c5e-9c60-312df33f9767,33kV Line 52L6070P5-JERM3_MAIN1[sec]0,8455def2-8173-4899-bc08-2ef932e63a8f,c2ac2ad9-ce49-4565-ba33-bc7745977747,52L6070P5,JERM3_MAIN1,0.0218571,0.0440463,3.94144e-07,0.123,33.0,d9e06bfd-8b84-4a1c-b5ab-4985337863bb
0384b066-a3b9-495e-9687-b2f3bc29143d,33kV Line 52L7756P5A-JERM3_MAIN2[sec]0,16c4caa8-3968-4e1d-9793-74e257df8709,ba673a39-f31a-4ca1-b8d6-f13af5e2adbe,52L7756P5A,JERM3_MAIN2,0.0191099,0.0360815,3.6286e-07,0.1091,33.0,21634a13-9ffe-454d-9ccc-8ee816cbac84
e95367d3-681b-434a-b1b1-e2c306adc389,33kV Line 52L7800P1-KIDW3_#2L5[sec]0,382afe3e-8f36-4e40-9c59-45cb280d9f24,9026ebf5-20d2-4dc0-b598-2497f0689246,52L7800P1,KIDW3_#2L5,0.829147,1.52926,2.10185e-05,4.68,33.0,a4218357-4476-40fd-a7e8-0f1299427598
d48ce4f6-7230-439d-874f-6c14c73ed989,33kV Line 55L7043P59-ABDA3_1L5[sec]0,8c02b15f-bd01-4241-9aa8-ff2a03473389,3f5a0d9a-c4d1-4569-9588-ae0e1d3549d5,55L7043P59,ABDA3_1L5,1.82976,3.63411,2.75708e-05,9.319,33.0,ca7f174a-7f68-49d9-a8d4-cc9618119feb
984bbd62-c742-48a5-9e2a-7b091ce0fb55,33kV Line 55L7043P59-HIRW3_1L5[sec]0,8c02b15f-bd01-4241-9aa8-ff2a03473389,391e8b58-68ab-49e4-947d-8c7d4b0eee3b,55L7043P59,HIRW3_1L5,1.3225,1.89735,0.00016679,6.111,33.0,d9f355a8-c627-4b0c-9b7c-24e372d5e91a
28073165-4ca0-4519-9bf1-712ced72232a,33kV Line 56L6078P8-LLCY3_MAIN2[sec]0,efe599f5-b09c-4dcf-b94e-151b2a03e2f7,94044fde-cb8e-4045-b5e3-b8d4a84cd76b,56L6078P8,LLCY3_MAIN2,0.565976,1.44229,6.41385e-05,4.327,33.0,1bd27185-1a96-4375-b779-7431b236f9b5
34c45116-d402-4547-aa0f-f5d1990a1b9f,33kV Line 58L1323P59M-WGWB3_1L3[sec]0,15c3f24b-8f78-4430-947e-0f21986b7ee6,d4cd8995-4d4a-4fc4-a983-cab2e81e4fcd,58L1323P59M,WGWB3_1L3,1.89715,2.09539,2.52111e-05,7.079,33.0,86d680bc-94fc-4078-a372-441f70c199fc
c2369606-97ab-49f8-93d7-18bfd21c54a1,33kV Line 58L278P45-PEND3_2L3[sec]0,715bb8fa-ae51-4bf7-9d70-5cd2ad9e0926,2d263e62-1abb-44ab-a879-2e5a014c3dcb,58L278P45,PEND3_2L3,0.449403,0.83103,8.81905e-06,2.529,33.0,3ab65c60-ba95-4602-83c8-03308e1f78bc
94aa5171-dafa-4cbe-879b-7e1c96f76492,33kV Line 58L5293P134-CARM3_3L9[sec]0,2abdf952-db89-42b5-a9b3-cddb04f7367d,c0c8126b-af68-41d0-8812-4fcff4077d5f,58L5293P134,CARM3_3L9,0.589295,0.849637,7.45566e-06,2.335,33.0,cc89523c-e108-402b-a33c-3e0a43d6c176
e0492bcd-8154-486a-ae21-44c3288f65af,33kV Line 58L5293P158A-SPRI3[sec]0,59ac3bc8-b3ee-4a70-ae2b-14415dac636b,c7de034d-8a84-4f76-af88-9bf3928555d4,58L5293P158A,SPRI3,0.0167037,0.0308884,3.27794e-07,0.094,33.0,2522fbec-31f7-4b5f-bc69-bb7176023869
172f1e07-8fa1-4ddb-a156-ee38a428d5ce,33kV Line 58L5296P162-SPRI3[sec]0,4759152b-a0e8-45c1-b2f7-e56b7630cd6b,c7de034d-8a84-4f76-af88-9bf3928555d4,58L5296P162,SPRI3,0.0434706,0.0594342,4.94518e-07,0.159,33.0,ed27b4ca-bb81-48a2-8463-99081b82dfbf
84932ac1-1a44-44b5-b82f-3ba471e89d48,33kV Line 58L5300P185-BLAP3_1L3B[sec]0,4dbc00fb-239e-498c-a640-7f9a11923eee,ce1184d0-10fe-4c3f-a341-7e26a301cea1,58L5300P185,BLAP3_1L3B,0.00162261,0.00175329,1.19376e-06,0.015,33.0,e9909f4d-8619-4ef1-88b2-9690ed158b01
e7606c54-d061-4922-8b65-40f032a6a98f,33kV Line 58L5300P185-BLAP3_3L9[sec]0,4dbc00fb-239e-498c-a640-7f9a11923eee,0184d102-87d1-404a-ad37-b53ff5e797be,58L5300P185,BLAP3_3L9,2.21874,2.33177,2.89163e-05,8.074,33.0,84182c5c-fd06-4aab-8e00-889c2898376d
37ffc0a7-3fca-4902-998e-b572a71303b5,33kV Line 58L5300P94-NCET32[sec]0,7dd3309f-1954-487f-9ea7-237e4a21e5f7,ae50a805-9cd0-44e5-91cd-eb73a728b8b1,58L5300P94,NCET32,0.0211596,0.0222376,2.75769e-07,0.077,33.0,950018ba-76ed-4494-819c-d8132c7a289e
ee96fa9a-6877-438e-be93-41adfb3f404f,33kV Line 58L5303P109-BLAP3_2L3B[sec]0,be56b271-e43f-4002-9906-f489fdde2f69,c3184795-6631-420d-9066-78cf0adc18ca,58L5303P109,BLAP3_2L3B,0.00162261,0.00175329,1.19376e-06,0.015,33.0,0f14eefa-7ee0-4567-a327-c6edf19b5933
d3c9bcf4-cae1-4cfa-b17a-f3fbdbbaad93,33kV Line 58L5303P109-LWND3T[sec]0,be56b271-e43f-4002-9906-f489fdde2f69,ad3be21a-763e-4ec7-8648-e231dfc0a832,58L5303P109,LWND3T,0.032606,0.0422569,3.92542e-07,0.119,33.0,f5b14fd6-1add-44e9-af79-ced2b95f005f
8bfce5d2-a78d-4216-ba38-7dd4c2cb139e,33kV Line 58L5303P19-CARG3_2L3[sec]0,3b4324af-dcf9-4095-a0c7-ac0b183140ac,069b8367-f3cc-420b-8bc6-78e6a62e1bfa,58L5303P19,CARG3_2L3,0.338874,0.626641,6.65004e-06,1.907,33.0,e8c495d8-be74-4464-8c2a-00963a8ebc52
9cc28ab1-2df8-464b-97c3-6099d3b66686,33kV Line 58L5312P79-NCET31[sec]0,6e5395a0-4360-485d-9e87-905e8ee25dcf,7cf85f1d-4600-49a2-a6ff-65b60edf1980,58L5312P79,NCET31,0.18925,0.349959,3.71384e-06,1.065,33.0,890a9aa2-45da-4346-a0bf-1093c3b1de60
a5e7ea54-a1b6-4ace-89a5-d8fe0c2b9d62,33kV Line 59L1079P1-59L1079P135[sec]0,566a471c-9a6e-41e5-9e54-092aeb0207b7,19c5443f-4059-4328-99e1-f25d290047d5,59L1079P1,59L1079P135,3.55077,4.60174,4.27475e-05,12.959,33.0,5ec8dbba-9ebb-4b78-a985-ba915db59dfc
025c75f7-d528-40cd-9556-e7f622fcf711,33kV Line 59L5036P154-59L5036P152[sec]0,a80e3fd9-5036-460e-bea4-ed1e64ceb117,8c21d860-63eb-499b-9553-c5a6f4c02850,59L5036P154,59L5036P152,0.060554,0.0784772,7.29006e-07,0.221,33.0,84bcc93f-590b-47df-b27b-e45ea8758b4b
ca63ad17-831b-4f66-9fd7-391e53eb4094,33kV Line 59L5036P162-59L5036P154[sec]0,052c45c7-ac0d-4399-9b86-dbd845b80894,a80e3fd9-5036-460e-bea4-ed1e64ceb117,59L5036P162,59L5036P154,0.192622,0.249636,2.31896e-06,0.703,33.0,00243c2a-cdaa-474b-839c-7109e96ea4a7
55953369-d783-405d-bf74-06ed1cc3b941,132kV Line 82B5C4N-B31_1N[sec]0,57a39aa7-7325-4745-9281-9a3aeede440b,62f863fe-9893-48ec-b47b-d3d44208b516,82B5C4N,B31_1N,0.661236,2.81351,3.41697e-05,7.203,132.0,fea92076-238e-4b2a-bcd1-1b85cdadcf11
188b0eac-d083-443c-ba95-f602274676d0,132kV Line 82B5C4S-B31_1S[sec]0,6806e6de-338a-4150-8474-eed5a9dfaa74,65587fa6-08b2-4ecb-8b11-e08a4a8ccc56,82B5C4S,B31_1S,0.661236,2.81351,3.41697e-05,7.203,132.0,a4bc7973-e6ca-4992-87d8-ef6716caef4a
fee26df7-0624-4740-9ac7-9f1ec22d04ea,132kV Line 82C21AN-82C6N[sec]0,609cf005-6b99-4033-81df-44227a39d4aa,43580d75-0c5f-4592-9e6b-3d2aa8b9c01e,82C21AN,82C6N,0.347278,1.69404,1.3445e-05,4.458,132.0,291836cc-bd51-4b58-a9e1-0d8c4ba82bab
0feb9f97-0a1b-489c-9c9d-3757f2b6f656,132kV Line 82C21AS-C6__1SE[sec]0,52658de4-d4a4-4673-b169-04296813710f,0eb88156-1606-4298-9bde-d581f9ae22d3,82C21AS,C6__1SE,0.347278,1.69404,1.3445e-05,4.458,132.0,b8a07eb7-c965-4a47-be0f-268a4a69dabc
a98aac67-d6fb-425c-98fe-3a743c21ed8c,132kV Line 82C66N-AMMA1_103[sec]0,b4b35bd0-a0a8-4dcc-a4e5-0597e0fd92fc,99622e31-fe01-4149-94d2-080666f6cd7d,82C66N,AMMA1_103,0.0340991,0.0773375,5.48899e-07,0.192,132.0,5186e9be-13aa-4625-9fa7-18cfa806205f
38b7f544-569e-49ef-9529-1b554f6493ad,132kV Line 82C66N-PP1N1[sec]0,b4b35bd0-a0a8-4dcc-a4e5-0597e0fd92fc,2251343d-4fe1-4f53-a4bf-f5aa7e6382ad,82C66N,PP1N1,0.321569,1.45562,1.64182e-05,3.748,132.0,e203db63-cde9-4bb3-8619-4da8f5a9e6c1
8b616ef2-932b-4261-bbcc-a08522fae03d,132kV Line 82C66S-AMMA1_203[sec]0,c472425b-628f-46f7-a05f-3864fd878e5c,0447a87b-0099-428f-9e29-9466cbe8d102,82C66S,AMMA1_203,0.0340991,0.0773375,5.48899e-07,0.192,132.0,2218831f-6013-4263-850a-a92a677a8dd2
2e6cdf65-aacf-48ff-87a4-8405352218de,132kV Line 82C66S-PP1S1[sec]0,c472425b-628f-46f7-a05f-3864fd878e5c,01d3ff37-abfd-47ff-9f3c-11d5e5d10ad7,82C66S,PP1S1,0.321569,1.45562,1.64182e-05,3.748,132.0,bc8c210a-06d5-42d4-b6ec-8f4cf1e4affc
25e0cdfd-0fd3-4dd4-b8e1-598543b6db7f,132kV Line 82C6N-82B5C4N[sec]0,43580d75-0c5f-4592-9e6b-3d2aa8b9c01e,57a39aa7-7325-4745-9281-9a3aeede440b,82C6N,82B5C4N,0.0309966,0.161567,1.77289e-06,0.497,132.0,a13b2922-1b90-4c59-b0f7-ccb023f6b8e0
07084ec5-a297-4ca5-b27e-d80127c16ce7,132kV Line 82D19N-82D20N[sec]0,b386d552-a5c7-4645-915f-5237812ba1c9,dae8b49d-5914-490e-84ec-449691b6bcf6,82D19N,82D20N,0.0461759,0.104728,7.43302e-07,0.26,132.0,dedcb1dd-fbbb-4f5b-8fcc-372723613d68
49de84b0-c29a-4cc4-9fcd-11589fbfc218,132kV Line 82D19S-82D20S[sec]0,cbec2654-e56f-4bd4-9bb3-c52502c2345b,870680e8-a094-497e-9514-7e061027af5b,82D19S,82D20S,0.0461759,0.104728,7.43302e-07,0.26,132.0,fdc5e29d-4c68-4be9-8cd1-6cfc99d885ae
487b48ab-9fd4-4dda-9370-e558137c8adc,132kV Line 82D20N-MAET1M[sec]0,dae8b49d-5914-490e-84ec-449691b6bcf6,4b84bf9d-177e-4a58-ad44-3927f370777c,82D20N,MAET1M,0.580573,1.31675,9.34556e-06,3.269,132.0,f993aa95-5207-473f-92ba-5f4e436b6871
e1fbd105-af8a-42e2-99aa-5bb69f6b3c63,132kV Line 82D20S-MAET1[sec]0,870680e8-a094-497e-9514-7e061027af5b,3c75512d-e9ac-4cdb-982d-a485bc3dd484,82D20S,MAET1,0.580573,1.31675,9.34556e-06,3.269,132.0,b87cb8a5-fc96-4ca6-99fe-3f2da99acd70
9ea25c43-c884-4cac-8d4b-d9dcdf70d7f4,132kV Line 82U206W-82VE61S[sec]0,e5f6f59e-6220-4f0e-9e80-07c528357c7d,898f6903-7623-4306-aa3b-6970c457c590,82U206W,82VE61S,0.960505,4.08685,4.96345e-05,10.463,132.0,e22d2442-82e3-492d-a9b3-53c5cd7401e0
6244d885-7ed2-4bb1-ab5e-32ea0e9f0de0,132kV Line 82U210SW-82U206W[sec]0,ca6d82aa-0ae0-4ffb-b1a1-026091bcca8d,e5f6f59e-6220-4f0e-9e80-07c528357c7d,82U210SW,82U206W,0.0836298,0.355838,4.32161e-06,0.911,132.0,17f9c376-5bfb-496d-a045-2ffb7e116ec7
4d004b29-c974-46cd-8b92-6b757bdac029,132kV Line 82V1N-82U210SW[sec]0,366dc8d6-340a-4f80-9c97-27b0644b2dad,ca6d82aa-0ae0-4ffb-b1a1-026091bcca8d,82V1N,82U210SW,0.00284581,0.0121086,1.47058e-07,0.031,132.0,dceaea32-730c-4ad2-8a9e-9cf19cd28c49
223f14e8-a949-4331-8c32-26497394a9a0,132kV Line 82V28CE-82V33N[sec]0,99754c70-b627-46d7-a131-d3568a7e7d3f,c47492a1-d1dc-4a1c-b192-350c5091e912,82V28CE,82V33N,0.40392,1.71864,2.08728e-05,4.4,132.0,1a0bb277-b935-4e21-b043-ced60eb23d9b
d0cff1d6-323a-4898-bf3d-7b8cbfc0f006,132kV Line 82V28CE-SWAN1_1005[sec]0,99754c70-b627-46d7-a131-d3568a7e7d3f,62cac75f-b831-4212-8236-62a4e588be9a,82V28CE,SWAN1_1005,0.015466,0.052873,4.99014e-05,0.37,132.0,6986d368-cafb-42fc-9f06-49a1f26ccbad
f7905a90-aadc-42d4-91af-3caf11621328,132kV Line 82V28CW-82V33S[sec]0,5b4076eb-d35d-471d-b05a-4e70e03da483,d61aff60-9f94-433f-9ec0-caf71be8c6be,82V28CW,82V33S,0.40392,1.71864,2.08728e-05,4.4,132.0,df2d5c2d-c9ab-4748-808f-7851a7d047ae
251fc661-e4d8-49ac-9e0b-4d37abd8693e,132kV Line 82V28CW-TROS1_203[sec]0,5b4076eb-d35d-471d-b05a-4e70e03da483,1030381b-7370-4a17-a73a-eaa6622bd860,82V28CW,TROS1_203,1.47376,4.8809,5.42439e-05,15.385,132.0,4fd818bf-43ff-48a3-8c1e-36159a67ff1d
609c8b3d-32fc-46ae-9468-de3425b728ed,132kV Line 82V33N-82V1N[sec]0,c47492a1-d1dc-4a1c-b192-350c5091e912,366dc8d6-340a-4f80-9c97-27b0644b2dad,82V33N,82V1N,0.668947,2.84631,3.45681e-05,7.287,132.0,e13f97d9-6b3d-404c-86ec-b274d194ce82
b185c6f6-fb4d-4915-8b11-9ebcbafd46a2,132kV Line 82V33N-MORR1_203[sec]0,c47492a1-d1dc-4a1c-b192-350c5091e912,0abcfa2f-47d9-469a-9c28-602a7ce0a67d,82V33N,MORR1_203,0.10592,0.470675,5.71629e-06,1.205,132.0,cf8b2406-a503-4f32-946e-3f17ae2c954c
0c12eea9-f2d6-446e-a949-0cb0f123bf8c,132kV Line 82V33S-MORR1_103[sec]0,d61aff60-9f94-433f-9ec0-caf71be8c6be,a0375a06-9a59-4ca7-aeac-107f81880d1f,82V33S,MORR1_103,0.105656,0.469502,5.70205e-06,1.202,132.0,e47e55ee-1ba3-4c06-b859-389d2e3fba04
e3060f6e-1adb-414d-8e1a-47e6906a6551,132kV Line 82V33S-TIRJ1_203[sec]0,d61aff60-9f94-433f-9ec0-caf71be8c6be,6d86ddc9-a5cc-48d2-84e8-438295f7659a,82V33S,TIRJ1_203,0.667111,2.83849,3.44733e-05,7.267,132.0,32e9a40f-fa7b-433b-bdbb-202d2e154c06
4261dc3f-1854-4f56-a500-824b7b7b6797,132kV Line 82V97N-82C21AN[sec]0,6213fdf1-117c-40de-b718-cc5f7d443f52,609cf005-6b99-4033-81df-44227a39d4aa,82V97N,82C21AN,0.322401,1.37179,1.66602e-05,3.512,132.0,d3ea3b02-0a52-442a-8152-ee7aa8e2fa26
5f6892ed-560a-4bcf-974d-5c04d9516827,132kV Line 82V97S-82C21AS[sec]0,5aa076df-d39f-4c80-8bac-fece3546830c,52658de4-d4a4-4673-b169-04296813710f,82V97S,82C21AS,0.322401,1.37179,1.66602e-05,3.512,132.0,bb8e7813-1892-4dd7-8ea7-f346c66de12d
2f422fdb-b879-4ac7-9904-6f3985a8f3db,132kV Line 82V97S-82W10N[sec]0,5aa076df-d39f-4c80-8bac-fece3546830c,2ac4d4b7-f5dc-4bea-b754-e7e7817b90e3,82V97S,82W10N,0.003213,0.013671,1.66033e-07,0.035,132.0,7f6d6264-1af7-4505-9533-145bad9f0474
1dd11dcd-b533-454f-9841-9edee06b0922,132kV Line 82VE35W-82VE55BW[sec]0,8a1177a8-e247-4b69-85eb-028bda96b54e,dfd6e58c-af89-4f92-a17a-15361488f47f,82VE35W,82VE55BW,0.253594,2.11646,2.40636e-05,6.609,132.0,92ffcb46-de43-46ef-b5dd-45165ceecb8e
1b5860dc-acfc-4a6f-8065-5cc87e8c7bef,132kV Line 82VE35W-TIRJ1_103[sec]0,8a1177a8-e247-4b69-85eb-028bda96b54e,ba3f9545-24f2-4659-aee9-0f0e4477c86c,82VE35W,TIRJ1_103,0.0900559,0.38318,4.65367e-06,0.981,132.0,74837c4f-a359-4288-9cd5-63284875db48
5a7f8439-d2f9-45cc-a748-66d0af2c319e,132kV Line 82VE55BE-BRIF1_MAIN2[sec]0,d32c61ab-6ffe-4a16-bd0d-fe9b95c2893e,f23719d1-8420-457b-bea8-6aa40abfefd1,82VE55BE,BRIF1_MAIN2,0.00532979,0.0451059,5.13839e-07,0.141,132.0,4701b762-ef7c-41c3-8fbc-45aa888fc190
d950119e-3c6f-4e04-a68b-2ec9d30ee43f,132kV Line 82VE55BW-BRIF1_MAIN1[sec]0,dfd6e58c-af89-4f92-a17a-15361488f47f,8e14738a-1d0b-4440-8cb9-20e6a1716a2b,82VE55BW,BRIF1_MAIN1,0.00532979,0.0451059,5.13839e-07,0.141,132.0,be389ad8-b451-4257-81ca-f6e6a9a63d73
11aa13dc-dd78-4287-a90f-3ae9d7a42801,132kV Line 82VE61S-82VE55BE[sec]0,898f6903-7623-4306-aa3b-6970c457c590,d32c61ab-6ffe-4a16-bd0d-fe9b95c2893e,82VE61S,82VE55BE,0.0826847,0.650248,7.32966e-06,2.021,132.0,a7ecff65-c7d4-4230-84a3-dec7210a5c8a
c82e25a5-4555-495e-96e2-8490fd1cd0d1,132kV Line 82VE61S-DUFF1N[sec]0,898f6903-7623-4306-aa3b-6970c457c590,d091566e-f12c-4e40-96c9-1896a00123bb,82VE61S,DUFF1N,0.177962,1.50609,1.71571e-05,4.708,132.0,224d3441-ece4-4aa0-8247-f6fd1bc70062
d257d6e7-4984-485c-b2fc-642c2b5de882,132kV Line 82W10N-82W23DE[sec]0,2ac4d4b7-f5dc-4bea-b754-e7e7817b90e3,238eef43-63d7-463e-8202-d911ca820e7c,82W10N,82W23DE,0.414845,1.76512,2.14373e-05,4.519,132.0,5a10d8fd-c1c3-4215-af41-74d6735667a4
fa3826a7-a65b-43c0-ad43-7c40eb360bbb,132kV Line 82W10N-TROS1_103[sec]0,2ac4d4b7-f5dc-4bea-b754-e7e7817b90e3,b8ee313a-6e65-44dd-9552-93b62cb62b87,82W10N,TROS1_103,0.178263,0.723783,7.55383e-05,2.523,132.0,a8e3ebdc-0bf5-46c9-9333-a39f7e6ba027
8bb95cf4-5dbd-4591-8e9e-6633ac5f0998,132kV Line 82W23DE-LLEL1_103[sec]0,238eef43-63d7-463e-8202-d911ca820e7c,5559f9ea-8f28-48ad-aebf-ad87a4d4e053,82W23DE,LLEL1_103,0.0321483,0.123914,9.10795e-05,0.941,132.0,939ff5c5-8eb4-41e9-bb38-4176f8d8929a
75558946-83db-4770-8678-2702107eead8,132kV Line 82W23DW-W38_1NE[sec]0,6a74e9b7-bf87-43b9-a1a8-855c8d82726b,fba8f143-d989-4f36-8429-e94064353884,82W23DW,W38_1NE,0.431974,1.9667,1.9646e-05,5.107,132.0,8f334d7e-2e7d-453a-b39a-64048aa5fa43
8fe82d70-7f5e-4b3a-935f-f1ad764245d3,33kV Line ABEP3_4L3-WSTC3_#2L5[sec]0,8242a0e1-9937-4e8c-8be5-d0ed61a861f7,38e6c24c-1399-4591-bf46-cbbe20fca6a6,ABEP3_4L3,WSTC3_#2L5,0.0648729,0.115839,5.79693e-06,0.377,33.0,483a497f-87db-4b0f-bfae-17c3495b0f61
e282009e-e520-4f67-bc74-2e2fb83b4fe7,33kV Line ABNT3-PGTN3_1L3[sec]0,9c954b5d-98c7-4ae8-86d8-5c0b2a15220d,44f08482-59ad-4ec4-a28b-5808b8d4d5b2,ABNT3,PGTN3_1L3,0.13265,0.185706,8.68066e-05,0.995,33.0,200d309b-df32-42b9-b06b-19b8a41ff472
61bdfac9-11e0-402f-b2d3-3e713a1b261d,33kV Line AFAN3_#1L5-VICR3_2L3[sec]0,76103d29-ce45-4151-bf2d-79bb38906ac1,3a6dfd67-e964-4d6a-b6cc-5df19c4f4b7f,AFAN3_#1L5,VICR3_2L3,0.00735,0.017325,2.29258e-05,0.175,33.0,3b42fcbf-fac4-4730-ad53-af76291def0b
9af1a83b-6407-40de-a2bd-32706b811151,33kV Line AMMA3_1L5-52L6032P1A[sec]0,8b9471fc-fc32-4db3-9b25-227c332dc4b3,6493255a-859a-41bf-9157-06502993cfae,AMMA3_1L5,52L6032P1A,0.0092956,0.0127092,1.05746e-07,0.034,33.0,c71935f0-4935-48eb-8fd0-7148ad7f66cf
423b5eb3-3a2d-4f46-b351-76db88dd5127,33kV Line AMMA3_2L5-PANF3_2L3[sec]0,41afdde4-482f-497f-8e61-39624ae7f58c,e1bd3c01-12c9-48a3-9f88-110fbf3a4bd8,AMMA3_2L5,PANF3_2L3,0.713774,0.973708,1.37741e-05,2.653,33.0,57e3bc8e-9d3a-4b02-bb77-46e703c8e70e
5883f2cb-523b-4c5e-94c1-d730c223e172,33kV Line AMMA3_3L5-BRHY3_#1L5[sec]0,dbe1c4d7-2246-4908-ae3d-6916e7c7a0e2,68ad7119-361f-48f7-96ff-3d1f033d7c87,AMMA3_3L5,BRHY3_#1L5,0.16078,0.318598,0.000266455,2.997,33.0,a6126fa3-1e9b-4f2a-90af-2416864da54c
9cc05b61-604b-4187-95a4-e9ceb6774882,33kV Line AMMA3_4L5-HEND3_MAIN2[sec]0,6611d131-0662-474b-a839-142cfc97fa75,0438a10c-685e-4cbd-a9bc-e3896c376c52,AMMA3_4L5,HEND3_MAIN2,1.40458,2.90583,0.000103048,7.9344,33.0,db378a8f-86da-45df-8ee6-bf9ebb856435
212d2968-8a1e-4e10-9588-52be07edab31,33kV Line AMMA3_5L5-LDEI3_2L5[sec]0,ec53d0a7-99a6-42f8-8209-612e1f20b007,e6204357-c1e3-4851-bfaa-5d60b3efd895,AMMA3_5L5,LDEI3_2L5,4.26836,5.81732,0.000486659,17.787,33.0,994fc406-96ce-49f8-b7ac-a01f1dfa4091
83a29032-56c7-40c3-bd75-52e96a752812,33kV Line AMMA3_6L5-52L6039P9[sec]0,be30dd17-b502-4feb-81f5-0ebeda3bdc9b,17f76840-6ba8-46d4-8722-c49b077a23ef,AMMA3_6L5,52L6039P9,0.0879023,0.234444,1.45258e-05,0.71,33.0,269e32ae-1cee-4583-b42f-d79cc955f142
4b9d950a-d2f7-49c9-9782-13ac20bcc40b,33kV Line AMMA3_7L5-HEND3_MAIN1[sec]0,1963a3d3-6c07-494e-b39f-e723d7f4540d,551b2b8e-59d0-4ac7-80c4-4fb4ab29c93f,AMMA3_7L5,HEND3_MAIN1,1.38501,2.75464,0.000133292,8.144,33.0,41fcf471-0e42-481c-82ec-54b8b05db8b3
d4f9a15c-ea0d-4f7b-bebc-3bb4c471cb10,132kV Line B31_1N-CARM1_MAIN4[sec]0,62f863fe-9893-48ec-b47b-d3d44208b516,88161e08-7711-44da-aa76-a4f131600597,B31_1N,CARM1_MAIN4,1.24861,5.30688,7.51383e-05,13.704,132.0,a8cd7364-bed7-4697-8c54-2bb949b877f9
2c729b53-90f2-4f36-83d3-87a20bac7578,132kV Line B31_1S-CARM1_605[sec]0,65587fa6-08b2-4ecb-8b11-e08a4a8ccc56,faacd0aa-ed5a-4215-816e-fe04837fcb2b,B31_1S,CARM1_605,1.21249,5.27567,8.92964e-05,13.77,132.0,e434d62c-02d9-4e29-9bc0-2e3278cba8b4
418059cd-2a26-4c0c-92c4-6bd141a1046f,33kV Line BARN3_2L9-TSNC3[sec]0,84e090b2-5d8f-4f0a-bdbe-b9467211483d,705657da-7abe-4136-b91c-6ceb353c46cb,BARN3_2L9,TSNC3,0.317166,0.660009,2.46046e-05,1.795,33.0,9ee689ca-0861-49ae-98e8-0293f7a4be5a
db7d13ca-9b87-4d16-9fa1-9135011a20f2,33kV Line BBWT3-BLBW3_#1L5[sec]0,8f41180a-75da-467b-8f33-9cee74a9a81b,b5b9f0a1-1523-426d-b657-2b17c75376bc,BBWT3,BLBW3_#1L5,0.501956,0.900826,4.24887e-05,2.921,33.0,deca66a8-cc1b-4398-8dd5-030b5a3f1e61
d8fa9b22-3055-411b-9407-9a3fd88766e6,33kV Line BCIS3_4L9-BCIS3_#1L5[sec]0,96d40cec-6d72-4161-ae95-7a52bc5279d9,612ee5ad-fabc-49a3-a0e3-5f69892bb144,BCIS3_4L9,BCIS3_#1L5,0.110208,0.104181,7.00572e-05,0.861,33.0,d67911d7-240b-4299-9bc3-efaf0d4f6229
1eb5f4c6-afec-4cd1-b34c-b34767f48ca5,33kV Line BFGF3_#1L5-BRIF3_#4L5[sec]0,32888b88-f633-4e88-8b22-6e342265aee0,1ea7745b-e3dc-4cb6-a6d0-1b3689bf7dad,BFGF3_#1L5,BRIF3_#4L5,0.0133582,0.0255503,2.48236e-05,0.237,33.0,f09cac9a-9abb-4be3-9f8a-3f8cdc6d05f1
613d80a2-e425-4c14-ac3b-1965db3f4b7e,33kV Line BISH3_#1L5-LRHI3_#2L5[sec]0,2b963aa6-4894-4256-ae59-c37ca182abeb,0a9ddf22-e0db-488b-82f3-6e034c86543c,BISH3_#1L5,LRHI3_#2L5,1.74679,3.23014,3.42789e-05,9.83,33.0,9338c04a-7b3a-48ae-9cc8-20bdb5cce99a
bb8eaaf1-7d67-4733-9a32-7dec05effbd6,33kV Line BLAP3_1L3A-58L5300P185[sec]0,fe328ebb-7b64-4cc8-8ba4-578db2b4a504,4dbc00fb-239e-498c-a640-7f9a11923eee,BLAP3_1L3A,58L5300P185,0.0032976,0.00346559,4.2977e-08,0.012,33.0,2d9c7c11-8dab-4990-8881-c78c81e29e2c
9826a81d-94ba-44c8-ba0c-487029302bd2,33kV Line BLAP3_2L3A-58L5303P109[sec]0,d8b9bc18-5adb-40d1-9f6b-85f832b3f6fd,be56b271-e43f-4002-9906-f489fdde2f69,BLAP3_2L3A,58L5303P109,0.003288,0.0042612,3.9584e-08,0.012,33.0,c3259c79-2693-46bd-8f91-6af274fa7201
61d5e769-6d0a-4650-ba5a-51687a55215e,33kV Line BLDI3T-52L6036P33[sec]0,d50a5598-f025-49c3-a17a-a2e55bc9bab2,7976af71-88a6-4cda-ab8d-19cc1f4d8ad1,BLDI3T,52L6036P33,0.324926,0.632205,3.00251e-05,1.906,33.0,37364091-6ccb-48de-8a58-937be9e8d976
04737aaa-50de-4e74-8784-1ca7a909e7d4,33kV Line BLDI3T-52L8001P4[sec]0,d50a5598-f025-49c3-a17a-a2e55bc9bab2,31a4c6de-eb9e-4fd9-9404-3722395323bd,BLDI3T,52L8001P4,0.109052,0.141329,1.31287e-06,0.398,33.0,23c69f7f-cae2-41c1-ba37-9dc8ef71bb04
d3204998-099b-4128-b880-2d861df3023c,33kV Line BLDI3_7L9-BLDI3_#1L5[sec]0,212fafe2-c57b-4fe7-979b-cf57101df7b8,4d49f30b-af45-4c3e-935f-c927f91fc13f,BLDI3_7L9,BLDI3_#1L5,0.140786,0.179631,1.13866e-05,0.587,33.0,bb8fc176-24cd-463a-b7ca-2f4e747538a8
198ffbae-1b83-416d-b5c1-128a5e4effbd,33kV Line BRFT31-COMS3_1L3[sec]0,8b07eb6e-b6a1-443d-9cf6-a64e109792b5,3a90b162-69f0-4ef8-884f-6e060a3b6f13,BRFT31,COMS3_1L3,0.52453,1.1107,8.03621e-05,3.2626,33.0,093e81fe-0a2d-4838-9851-91112a2a3fad
27b0ef84-e87d-493d-b87d-0a81ec52c607,33kV Line BRFT31-JERS3_#1L5[sec]0,8b07eb6e-b6a1-443d-9cf6-a64e109792b5,466dbb5e-c22a-47d7-9101-35d34c4788e7,BRFT31,JERS3_#1L5,0.507935,1.15201,8.17632e-06,2.86,33.0,03b987bb-2d97-4ffe-b8a6-f78a699d61d7
01634e06-dd73-4f22-9e68-db1e575fb95f,33kV Line BRFT32-COMS3_2L3[sec]0,90dd375a-c3da-4775-9a6c-02fe13b3428d,eaed9365-eefb-4a10-98c6-1302054dc778,BRFT32,COMS3_2L3,0.528128,1.11959,7.76813e-05,3.26,33.0,b8b06e6d-2685-4b29-8a87-b9dd9ee627c1
98e444f1-67e6-4a2e-a3c9-029f4b2e8328,33kV Line BRFT32-JERS3_#2L5[sec]0,90dd375a-c3da-4775-9a6c-02fe13b3428d,b854097b-8659-4795-8d1a-4962ed4cbc70,BRFT32,JERS3_#2L5,0.507935,1.15201,8.17632e-06,2.86,33.0,316dcc51-ac07-47ea-a02c-8379fdb7ec80
d9122253-d0c5-49ba-8fff-b470024c8cc8,33kV Line BRID3_1L5-NEVE3_1L3[sec]0,109f6df0-d448-47b8-b053-704307e3f782,52273328-f199-4bee-a62e-d4893b1e5512,BRID3_1L5,NEVE3_1L3,2.77754,3.59965,3.34386e-05,10.137,33.0,15e17ab1-2e52-4bde-b2c1-3e45f51b70c7
12a2600a-4b7d-4f20-b39c-8e7b30164afd,33kV Line BRID3_2L5-BRID3_2L9[sec]0,a4976e4b-b799-4d64-a488-43b860930dc6,16e0c25b-2cae-490a-ab50-1ce50b4a52a9,BRID3_2L5,BRID3_2L9,2.88039,4.57502,4.62226e-05,13.523,33.0,f53ee537-f85e-4fdb-a36a-30911370b72b
1402afcb-baa1-4f7c-8ca1-65e389834746,33kV Line BRID3_4L5-CARG3_1L3[sec]0,83466b88-0b2c-4bd5-862b-03a16e635c1a,516852c2-0bf6-474b-b83e-e9978f209092,BRID3_4L5,CARG3_1L3,1.1022,1.52836,1.2978e-05,4.041,33.0,c43bf688-8b80-4c29-95ab-eedaf41967bc
b3a5988b-4df0-44fc-80de-67a84ebf9140,33kV Line BRIF3_#11L5-SOFI3_#1L5[sec]0,8996d499-13e5-47f9-a11e-2b4c4f901a44,dbeb74ed-3dc8-4661-bb86-076fa4701e3a,BRIF3_#11L5,SOFI3_#1L5,0.0569913,0.113321,0.000113223,1.06,33.0,c8330c11-ae92-49fd-8bb3-4cddd93d7e24
8915df91-ae6e-4d3d-8523-2f3e1820ee9e,33kV Line BRIF3_#12L5-SOFI3_#2L5[sec]0,a669f137-6b10-4b53-a2a4-c0f71eeda193,0d3552e3-f59e-4fd4-b7af-f5aea9552fb8,BRIF3_#12L5,SOFI3_#2L5,0.057744,0.114819,0.000114718,1.074,33.0,ae7c11dd-31dc-482d-8498-cb6dcfb37bd4
79d5c37b-8077-463a-9f79-e97d4bfbd738,33kV Line BRIF3_#1L5-VICR31[sec]0,06253927-a452-4233-b0a3-9718be9c8c9b,debb3cce-2523-40f0-862b-d192575f3ba6,BRIF3_#1L5,VICR31,0.444125,0.455358,0.000925904,4.813,33.0,d9cdf141-24f9-4037-a2a2-ccd8f81f2c43
12a866c5-2d9a-475e-b065-d322dc1d56b3,33kV Line BRIF3_#3H0-BRIF3_T3[sec]0,c4dc15b9-f4d9-4702-9d8f-fbfef242cfd6,9bd0cf55-7cd3-4823-ab80-beb75a8e9d7c,BRIF3_#3H0,BRIF3_T3,0.00346501,0.00341999,3.62854e-06,0.03,33.0,76a5ed21-b38a-4bb0-b141-67406cdab986
5f5babfa-5c59-491d-9eb0-bfa3ae101447,33kV Line BRIF3_#3L5-BAGL3_#1L5[sec]0,090a7366-8a11-4318-b620-c7b4013045b0,846ad7de-b0d4-426f-966e-58c4e88c08a0,BRIF3_#3L5,BAGL3_#1L5,0.223376,0.216994,0.000202112,1.952,33.0,220c8983-b5ea-4bfc-8fdc-1904cb730d04
a17281cf-7a1f-4bd0-8fdd-4ca6339c8aeb,33kV Line BRIF3_#4H0-BRIF3_T4[sec]0,216213ba-2e26-408b-84b3-39c5cbc8c83d,f65f4001-bb4e-4983-a712-b23b6293ccf8,BRIF3_#4H0,BRIF3_T4,0.00234818,0.00294393,2.11712e-06,0.025,33.0,a76228ac-9a9e-4821-989c-4b9c5bbfa593
323721c0-4dd7-459b-a045-787927566929,33kV Line BRIF3_#6L5-VICR3_1L3[sec]0,c3f3d94c-afa4-4082-943c-097484cf8631,f2834b2e-985f-41dc-a5ae-b98d6e0b78be,BRIF3_#6L5,VICR3_1L3,0.443911,0.45655,0.00092573,4.823,33.0,fdf70f21-f2b4-4f71-9219-4c237d0009f2
76bbe4a9-2059-4c16-9de6-26aa48cf9386,33kV Line BRIF3_#7L5-56L6096P11A[sec]0,4c70b5a8-9787-40ab-b0de-4f7a870588d0,0bb0077c-0bb8-4d6d-a4ef-20d830f2633a,BRIF3_#7L5,56L6096P11A,0.908752,1.86356,0.000153115,5.652,33.0,a685f882-45dc-4370-9518-68fbfd75cea9
88e8de19-7ca3-43a8-820d-4a306518e93d,33kV Line BRIF3_#8L5-BRFT32[sec]0,934a7e21-93cf-4127-b253-70798ef933ca,90dd375a-c3da-4775-9a6c-02fe13b3428d,BRIF3_#8L5,BRFT32,0.319625,0.662345,9.46281e-05,2.126,33.0,b4ba691a-c106-470d-92e8-0a452b1db315
6ba2dd34-77ef-4c5f-a945-b55635c3b2de,33kV Line BRIF3_#9L5-BRFT31[sec]0,25c84434-1be2-4bb3-9893-516a37a127a4,8b07eb6e-b6a1-443d-9cf6-a64e109792b5,BRIF3_#9L5,BRFT31,0.297834,0.616472,9.29596e-05,2.002,33.0,cc0074a1-8c5b-4fbc-914c-b00142164b74
f83c5fac-34d6-43a0-acee-9783f69e9a14,33kV Line BTEG3_6L9-BTEG3_#1L5[sec]0,082c7c2a-1293-4c0b-a71c-6b868a2d4780,df13c449-71c5-4712-bea0-122445b4cbd7,BTEG3_6L9,BTEG3_#1L5,0.00498762,0.00537966,3.76492e-06,0.046,33.0,97a7ff0f-9e03-4330-84a0-68dd5a0182f5
39c9fda6-b7af-464c-aebe-d5ddfdd71959,132kV Line BTWS1M-PP1N1[sec]0,52673f20-784e-45af-b0f6-c9803310357d,2251343d-4fe1-4f53-a4bf-f5aa7e6382ad,BTWS1M,PP1N1,0.186437,0.828464,1.00616e-05,2.121,132.0,0d46f559-e702-46b3-bfff-9705a874f4f3
7fe8d434-dee7-4f19-abaf-4a74c3ce6d88,132kV Line BTWS1M-YSTR1_103[sec]0,52673f20-784e-45af-b0f6-c9803310357d,59e77568-0589-44d2-9c68-663e92a54b0d,BTWS1M,YSTR1_103,1.33784,5.94495,7.2201e-05,15.22,132.0,1b249797-43ad-4911-aa17-b1c0cb8f5cac
e09e4984-a603-4dfb-b815-0ebd775e354b,132kV Line BTWS1T-BTWS1_105[sec]0,355a91a1-3dcb-4c5d-9a81-2ea531282252,8b6869e4-72a1-4b41-80dc-75db68a03087,BTWS1T,BTWS1_105,0.00568641,0.0116352,1.00933e-07,0.032,132.0,7b37f6f5-e084-4acd-b9d6-96bec81cc0c1
44d779d2-f757-4528-9f1d-ec2fa15a530f,132kV Line BTWS1T-PP1S1[sec]0,355a91a1-3dcb-4c5d-9a81-2ea531282252,01d3ff37-abfd-47ff-9f3c-11d5e5d10ad7,BTWS1T,PP1S1,0.178437,0.792919,9.62994e-06,2.03,132.0,03f6642c-3c9a-4cab-9f92-db3da61a44f0
e0ceeedf-87dc-4e48-a229-0abedd82d9e2,132kV Line C6__1SE-NEWL1_103A[sec]0,0eb88156-1606-4298-9bde-d581f9ae22d3,519b1e49-3747-4dee-b08f-4f93bafa9aaa,C6__1SE,NEWL1_103A,0.0126,0.0526501,2.9688e-05,0.45,132.0,3abf4c6a-33ee-4204-b70b-6ae883c6d095
10dbcf49-090e-4f9b-9fcb-9c91d1d8cac9,132kV Line C6__1SW-82B5C4S[sec]0,51c559fb-fa81-422e-8a99-4ba89c89a84c,6806e6de-338a-4150-8474-eed5a9dfaa74,C6__1SW,82B5C4S,0.0432059,0.192284,2.05702e-06,0.497,132.0,1cccaab8-a562-42af-8818-5568d3e4bd73
3a92e0cb-5259-413d-bbda-0eaf510c7259,132kV Line CARM1_305-RHOS1T[sec]0,5786b22e-b803-438b-87de-30c466bcd533,d8b40647-2c93-4b57-b90b-c9f396d4bad6,CARM1_305,RHOS1T,1.65208,7.34134,8.91598e-05,18.795,132.0,221e143a-9be5-43d9-b6e9-ff9ddd100654
66c46e92-04bd-4d28-8c3f-2274b144d488,132kV Line CARM1_MAIN4-RHOS1_MAIN4[sec]0,88161e08-7711-44da-aa76-a4f131600597,844f7d2d-1abd-4d55-a33c-89632ff1c4fd,CARM1_MAIN4,RHOS1_MAIN4,1.65507,7.35462,8.93211e-05,18.829,132.0,7e46239c-5491-4eff-8736-caf2a90c7921
605870f8-13eb-44fd-ab96-0506e15a5c33,33kV Line CARM3_1L3A-TREV3_MAIN2[sec]0,dffe668e-0d8c-4d69-ae72-50909f63ef06,fc2c1089-3dab-44bd-96a9-cbb0b54839bb,CARM3_1L3A,TREV3_MAIN2,0.571987,1.14036,3.76991e-05,3.522,33.0,d1e5aabd-cca0-4e02-ab13-dd0b94f47677
51fadc70-d96a-4b15-9520-e57d9e7bd57e,33kV Line CARM3_1L3B-REDC3_#1L5[sec]0,526816bb-4617-4b4a-80b2-80fe0bbc0a6a,fc5fd29e-bd63-4924-b042-167ec64731bf,CARM3_1L3B,REDC3_#1L5,0.0120226,0.0129809,8.99908e-06,0.111,33.0,eb79523e-73eb-49a2-b057-b7df79ab710a
664e3406-2de0-43fc-95c9-61542f7e12ae,33kV Line CARM3_2L5-TREV3_MAIN1[sec]0,5622e255-bc66-4dcd-83a4-29d98b473f7d,293440a6-75ad-4cf3-a3e9-0755ff3ae21e,CARM3_2L5,TREV3_MAIN1,0.587475,1.08635,1.15286e-05,3.306,33.0,6d31732a-6741-4a5f-9c20-4b5378a29bcd
ad851028-f864-4f52-831f-2671215ad011,33kV Line CARM3_3L5-RHOS3_3L5[sec]0,961b935c-2aab-495a-8380-e7413c7a0fc1,0de3ff21-3ecc-4e82-a197-fbd98006d987,CARM3_3L5,RHOS3_3L5,4.89602,6.86116,8.05937e-05,18.45,33.0,23827cb2-8f32-4cd0-bd17-7032ea09b75a
7847f05e-294e-4cbc-aff4-12d07bcb3eb2,33kV Line CARM3_4L5-STCL3_MAIN1[sec]0,d938f0e7-4334-455d-9eef-e9f3e11e9a62,64f3d136-e93b-4dde-b7ef-60e924204140,CARM3_4L5,STCL3_MAIN1,2.81142,4.20578,5.73577e-05,11.906,33.0,73ff6d44-8f0b-46e1-bb79-9ca271518b55
5c1cf81a-6330-487a-844b-576e3b4108c1,33kV Line CARM3_5L5-STCL3_MAIN2[sec]0,d1c6027a-2bcd-4937-a80f-e06217562687,a88fc940-d601-457d-9374-b2b5cfe0f4df,CARM3_5L5,STCL3_MAIN2,2.89303,3.93859,5.25253e-05,10.652,33.0,1a1b6be8-6ed0-4e3f-8a47-963f4137d3bf
b8999545-3862-4fc6-8667-16d7cc445664,33kV Line CARM3_8L5-PEND3T[sec]0,ac8bc2d2-cfa1-4474-a110-0cb12b68c512,e1864a21-de73-465a-a8cd-69b4271be8ac,CARM3_8L5,PEND3T,2.01518,3.83712,5.4586e-05,11.178,33.0,ded4a902-ff6e-4de5-b467-ff94ee971c60
9788c3c8-5c46-4611-916f-a7c8987691d9,33kV Line CBET3_1L9-RYPD3T[sec]0,6b5cb69b-c0c3-4b64-ad02-20235b70ac22,95a7ab3d-00c1-411e-abe4-bcca4f72a0e4,CBET3_1L9,RYPD3T,0.0812285,0.0877081,6.10652e-05,0.75,33.0,eb8bb6bc-7eb3-42d7-8cfc-781ed2744051
b8622b5f-3510-4d8f-9abc-bc5b83fcdb21,33kV Line CCKV3_4L9-CCKV3_#1L5[sec]0,59c75429-ca9e-41f4-9bc8-c74797d3dba8,7cc146c9-7494-4c82-8cf6-d774269a01b9,CCKV3_4L9,CCKV3_#1L5,0.111104,0.105028,7.06268e-05,0.868,33.0,cd2ff0e6-8d32-4815-8ca1-2209e54c134e
aafd68af-ce69-4d60-a559-63dccd8d08c9,33kV Line CLAS3_#1L5-RAVE3_#1L5[sec]0,008b4221-e8fa-4a62-aabc-3bc819992185,1716219e-dcab-42f4-846b-db5b81925862,CLAS3_#1L5,RAVE3_#1L5,0.342238,0.389828,0.000415315,3.819,33.0,14de0c4d-de16-4c99-973c-eebb7447b36d
a7f5f1f7-9ff6-4ed9-b4c2-26078a20a147,33kV Line CLWD3_1L9-CLWD3_#1L5[sec]0,08792f61-d996-4659-a759-bc384db64a8d,468adc53-a6f6-4570-be9b-1bf17a6d5a4f,CLWD3_1L9,CLWD3_#1L5,0.0585991,0.06326,4.39853e-05,0.541,33.0,240063ab-2245-4e69-9979-a5b335a3d770
a3bcdc4d-0631-431c-8e37-be2dc9051288,33kV Line CNNC3_2L9-CNNC3_#1L5[sec]0,adb10068-faac-4f9c-96e8-12505a1ab3e5,0c7fdc46-1cf0-47b2-8d72-132d824a21be,CNNC3_2L9,CNNC3_#1L5,0.0524195,0.0598658,4.06837e-05,0.5,33.0,a2811309-d3b6-4d48-9c3a-8d1b4100ae26
7b098a0d-f682-494d-ae6c-9e820d96cc72,33kV Line CRBW3_8L9-CRBW3_2L5[sec]0,cbc6baf6-5b07-4894-a96d-34a89d9be07d,3600fda3-3182-48db-a007-27b3f466682a,CRBW3_8L9,CRBW3_2L5,0.0528492,0.0570636,3.96694e-05,0.488,33.0,dc6a1077-84d8-47a6-accd-183873a2b9a6
9419a685-1772-4554-8c7d-95040176d5d6,33kV Line CRHA3_#1L5-TUMB3_3L5[sec]0,dbb19162-16c2-4929-83a6-55f278279ed8,62a2d566-75f3-455b-b276-bac3fb1c60b3,CRHA3_#1L5,TUMB3_3L5,0.579042,1.17857,7.33998e-05,3.825,33.0,b7d0edf1-791b-4259-8723-293f040336cf
86e93db0-a030-4e6e-aed5-6fb442629756,33kV Line CRHA3_#2L5-AMMA3_9L5[sec]0,4d03a2e7-6bc8-454a-8436-4ebf7e48e2f4,c6eb48ed-ddeb-4bda-aad8-0645aa4fd965,CRHA3_#2L5,AMMA3_9L5,0.68551,1.23835,4.96167e-05,4.0981,33.0,96981631-ad50-40fe-91a9-5c8975107266
0c046a7e-0b3a-4167-81f4-2ddf6287269b,33kV Line CRUG3_3L9A-CRUG3_#1L5[sec]0,33f081ab-eb30-4e74-82fd-090d79ebf57a,186718ed-9260-4b9d-b7e4-736f08a1087f,CRUG3_3L9A,CRUG3_#1L5,0.104196,0.112494,7.82369e-05,0.962,33.0,9327d8f9-5e66-4876-b08f-06d06a5b37f9
90ca7b36-b968-41da-b5c1-d38f134905a7,33kV Line CWFR3_2L3-CARM3_6L5[sec]0,5e12ba33-70a6-48bc-a90a-c9e90ae91ab0,3005b12d-b7b0-4de8-bc47-8fcab5b51c15,CWFR3_2L3,CARM3_6L5,0.988474,1.74853,9.72406e-05,5.50246,33.0,81ce1305-d980-4bdb-bce8-6f3f97e51825
c9396a0d-fe39-462d-8949-fa662b2a84ce,33kV Line CWFR3_3L3-CARM3_7L5[sec]0,8dcbd497-f053-46ce-9382-7a1addde9c10,8f056a4b-552c-444d-a712-e832e452e3ae,CWFR3_3L3,CARM3_7L5,0.796063,1.4497,9.95923e-05,5.1153,33.0,5fb0b52c-18ea-4ae9-9da7-8990dcf53126
6096f4d9-c5a0-4bb2-be64-c995941b6049,33kV Line CWFR3_5L3-58L1323P59M[sec]0,f57fc2c6-d02e-4d29-9ea1-48d7331b437b,15c3f24b-8f78-4430-947e-0f21986b7ee6,CWFR3_5L3,58L1323P59M,0.211047,0.221798,2.75052e-06,0.768,33.0,2e78cce9-6885-40bb-aec1-9aea6a5a7766
b441f59e-8bae-4518-bedd-6cf7d3e668bb,33kV Line CYNH3-52L6022P24[sec]0,6e5becb6-b1c1-4b2e-9283-06d10facc16b,3bb3ec78-cfe8-4ea8-a5a2-dc9997976b43,CYNH3,52L6022P24,0.641926,1.50238,1.27457e-05,4.062,33.0,62e0b29f-94de-4ccc-b118-558ed0a59635
c212c68f-7f72-40ee-8086-0752e6f22e0f,33kV Line CYNH3-52L6037P1[sec]0,6e5becb6-b1c1-4b2e-9283-06d10facc16b,161e8e8d-729d-4e42-9d8e-3d1b7e4226d8,CYNH3,52L6037P1,0.147489,0.289602,2.56995e-06,0.802,33.0,e2110a7c-4aad-4d8f-9a75-5e75c60bad0b
72b16b23-24bd-4e0a-a880-e26d6653936d,33kV Line CYNH3-PONY3_#2L5[sec]0,6e5becb6-b1c1-4b2e-9283-06d10facc16b,9b248477-41a1-44a5-ad90-373e28127899,CYNH3,PONY3_#2L5,0.562686,1.15967,1.72635e-05,3.091,33.0,c52a701f-e384-4528-922e-94cefb0a5c58
62b00106-e834-4c0b-a3cc-7bf55866f0de,33kV Line CYNH3T-LLNT3_#2L0[sec]0,34aa93ae-46fe-4bf1-92d2-e7c49fc57c79,06acbf9c-cfdb-4966-9386-b4cbf445e9a0,CYNH3T,LLNT3_#2L0,0.0733768,0.0758706,5.22498e-05,0.642,33.0,76ba1b5a-cea1-4a58-8d25-0b8a7cc3216e
c429633b-853e-4e80-9eef-3183d85426f3,33kV Line CYNH3_1L9-BLDI3T[sec]0,63f85cde-2db6-4c5f-a5e2-a85b346e96d6,d50a5598-f025-49c3-a17a-a2e55bc9bab2,CYNH3_1L9,BLDI3T,0.236312,0.464014,4.11769e-06,1.285,33.0,5ddb85cf-a5f7-454c-9882-73dc02c2751f
9dbe4a02-f125-42a9-8b6a-598b7f8087c4,33kV Line DHEL3_1L9-BBWT3[sec]0,115ebbbe-7a55-4163-8f16-5a510c740c3f,8f41180a-75da-467b-8f33-9cee74a9a81b,DHEL3_1L9,BBWT3,0.938788,1.736,1.84228e-05,5.283,33.0,1b6d5f54-db3e-492a-8620-7798f335e195
e23b13d1-6d00-4880-a68b-c3483a6c3f75,33kV Line DYFF3T-58L5338P1[sec]0,3aedeeb6-0d2d-450a-9915-f0a21afc28fd,1c6feb5c-9f57-48d6-88ad-210adb780d84,DYFF3T,58L5338P1,0.0154599,0.0285882,3.03384e-07,0.087,33.0,0ab005ef-d310-414c-b079-a5497daeb749
31d8fcc9-60b8-4266-95c6-e8553e27fb17,33kV Line DYFF3T-WHIT3_2L3[sec]0,3aedeeb6-0d2d-450a-9915-f0a21afc28fd,054fc18a-e3ca-4da4-a6a0-45d1eada29eb,DYFF3T,WHIT3_2L3,0.506064,0.691905,5.75693e-06,1.851,33.0,11f929bd-2596-4981-89c3-cbce70ccbedb
1959854b-eb54-45fd-ac40-a8ab5dbadef5,33kV Line DYFF3_1L5-DYFF3[sec]0,4a9fe1d2-ef91-485c-836f-3ed843bdce7d,e4919085-9557-4bc9-9d01-1d1fbc92b5a2,DYFF3_1L5,DYFF3,1.30803,2.3614,8.55859e-05,7.527,33.0,0ce2e4be-5485-4675-b857-2267ef221b27
dde64f8e-2556-406a-aea4-cf2ea3b98e92,33kV Line DYFF3_1L9-58L5338P13[sec]0,5b5c7ddb-1012-4fac-ae06-fe30e3f8b948,6b7c042b-b281-49da-96b2-9098412b2540,DYFF3_1L9,58L5338P13,0.234208,0.433095,4.59609e-06,1.318,33.0,53cf6d19-c350-4873-a9e5-296082a822aa
d40d03aa-f97d-4de1-8bda-ec5b9e69f226,33kV Line DYFF3_3L3-LFYR3_MAIN1[sec]0,de6ac6e2-47fc-478d-9852-d61b56c6e99e,19c53759-c8ff-4d62-b29e-2357152e8672,DYFF3_3L3,LFYR3_MAIN1,0.73794,1.31233,6.90401e-05,4.304,33.0,9d2e98e5-5463-4cdb-89dd-a5634523df45
52878c9c-6df1-437b-a958-638a42600440,132kV Line EE261E-EE421ET[sec]0,3f4c6dcf-fe95-45e7-b46e-e0e28d4d4c97,7890e9c5-b1e3-4159-8945-f5bbdd0220d1,EE261E,EE421ET,0.864377,1.96043,1.3914e-05,4.867,132.0,5d5874eb-22a2-44d5-b3eb-f7d4b2a05a26
69e0bc80-5e54-4dd3-b1e3-f2bf48a65608,132kV Line EE421ET-BREW1_105[sec]0,7890e9c5-b1e3-4159-8945-f5bbdd0220d1,56dacaf7-533b-4f85-9bc9-e9a11611399f,EE421ET,BREW1_105,3.55749,9.80184,0.000317685,28.601,132.0,440d0210-deba-4698-bf30-88e4e07f516a
eb674cff-0b03-4a50-878e-78bc7a7db895,132kV Line EE5_1E-EE261E[sec]0,7b86f38c-64f5-42d5-8bd3-219d6cf4d822,3f4c6dcf-fe95-45e7-b46e-e0e28d4d4c97,EE5_1E,EE261E,1.25794,2.85302,2.02493e-05,7.083,132.0,a14d3add-0216-4f8d-b1cd-ef5fe1cc79cc
02bae320-2b14-4d82-8260-54955279e0b1,33kV Line FORT31-52L6070P5[sec]0,3add4199-67a3-4357-9a96-d52b0543ae34,8455def2-8173-4899-bc08-2ef932e63a8f,FORT31,52L6070P5,0.0670664,0.12899,4.76705e-06,0.39,33.0,4e20e0a2-b08c-4224-a8d4-5c88ef42875b
cd128b63-a7c0-49db-9161-d718787c8c08,33kV Line FORT31-JERS3_1L9[sec]0,3add4199-67a3-4357-9a96-d52b0543ae34,eaf08d02-761e-4a52-af50-59c00636f68e,FORT31,JERS3_1L9,0.173337,0.393133,2.79024e-06,0.976,33.0,43b0a372-7643-4af5-aea0-9a0f1a6c369f
034f085d-3812-4e79-969a-de8179336acb,33kV Line FORT32-52L7756P5A[sec]0,e03c090e-3644-4530-9652-3c75e5c4b740,16c4caa8-3968-4e1d-9793-74e257df8709,FORT32,52L7756P5A,0.060848,0.118769,1.16283e-05,0.4,33.0,c47c760d-5ce6-49e1-8494-f368c3b27996
5b9c0f97-4c2b-4d66-b4ba-bbeed3554453,33kV Line FORT32-JERS3_2L9[sec]0,e03c090e-3644-4530-9652-3c75e5c4b740,b415f94c-8271-49d2-89df-c6d2d39868e6,FORT32,JERS3_2L9,0.173337,0.393133,2.79024e-06,0.976,33.0,b6fe032e-fd7f-4f47-b020-4dfafba67725
079197bb-a556-4370-8a6c-e8fd5dcb5d9b,33kV Line FOSL3T-FOSL3_#1L5[sec]0,7ef5ff23-eee1-4f83-9727-d36ecdd38fa6,625841d9-1ac2-4e24-92f0-b2728364c4a2,FOSL3T,FOSL3_#1L5,0.00463914,0.00833085,9.18274e-07,0.03,33.0,6f6295bd-1dec-4eae-8e35-6b2cb70a1d3a
64f1bf99-67bc-4f58-99c6-508d01c64df8,33kV Line FOSL3T-KIDW3_#1L5[sec]0,7ef5ff23-eee1-4f83-9727-d36ecdd38fa6,40fa73f9-7619-4243-969c-a6d7ce495b99,FOSL3T,KIDW3_#1L5,0.645985,1.3572,1.57871e-05,3.663,33.0,224f6a33-be05-45be-8846-7efde1243c77
52ee8ba3-5b77-497e-ac34-bf0f13604519,33kV Line FOXH3_5L9-PEND3_1L3[sec]0,42cfd1e4-671f-4125-bb04-b2742a8e8842,f6a6b45e-7a37-4c4d-b70d-1905c01b8eda,FOXH3_5L9,PEND3_1L3,1.41475,2.60727,5.59961e-05,8.178,33.0,9381e08f-c0d2-4413-829c-3d6874f52402
758ca384-51e7-40c5-9e59-1f165af63ce7,33kV Line GLWI3T-GLWI3_#1L5[sec]0,3d45ee9b-9b3c-412b-b392-8e0d6dd4e45d,5e615ea2-cd5f-406a-b960-77f3a6eb2dc7,GLWI3T,GLWI3_#1L5,0.00389862,0.00421443,2.93848e-06,0.036,33.0,e2aabb64-476e-45ac-82c7-7bbfcdabe3fa
b3673e0c-59d9-4d8b-b241-13c070c58084,33kV Line GOWS3_#1L5-GOWE3_#3L5[sec]0,8e5e0514-fc77-40a5-a42a-3a83914bbc5c,ce109ba6-8181-4177-b8d7-c64e4b724993,GOWS3_#1L5,GOWE3_#3L5,0.021042,0.049599,6.56332e-05,0.501,33.0,43b8293b-db8d-4915-bd1c-8cd71f536344
44bbcc38-a37b-49c2-9d60-55a8b9fbd597,33kV Line GWAU3_MAIN1-52L6050P55[sec]0,17da5668-b772-4fb8-9908-4710a58a5f86,9c6976c7-52bd-4ea0-b797-6ad749ae1358,GWAU3_MAIN1,52L6050P55,0.315206,0.669489,5.06161e-06,1.714,33.0,bc99dd9d-e5b4-4a6f-8cc3-d8dc62dae8e6
cf4e2042-7893-4c56-b946-724c11649c34,33kV Line GWAU3_MAIN2-GWAU3_2L9[sec]0,1d211ac0-edc3-4bd2-a0c1-0d12b6845ec0,a1af06d1-1877-45e6-85cf-429450ed8e5c,GWAU3_MAIN2,GWAU3_2L9,0.697672,1.44729,1.18304e-05,3.854,33.0,2685a9ca-32fc-4dc3-876a-f487a97310c1
a9fc3f80-075d-4603-8d9e-a23f788e5f63,33kV Line HIGF3_#1L5-HIRW3_9L5[sec]0,54c8486e-688e-40a1-88e1-f11200bf8cbc,4bb0ceb0-b5e0-4b63-b0e9-f8ca142e86c3,HIGF3_#1L5,HIRW3_9L5,0.080384,0.075988,5.10986e-05,0.628,33.0,e713e5bc-acb9-41e3-83ed-e258d33bbbd3
da279875-3927-41ad-8248-d5f80eeb772c,33kV Line HIRW3_2L5-HNDR3T[sec]0,fdf6a7ea-7ef4-415c-ba43-cf899b5a1ca0,3373e739-04d6-47f0-bb26-89c3f87962e9,HIRW3_2L5,HNDR3T,0.76816,1.13454,4.44146e-05,3.304,33.0,06e8fa68-76a4-4940-9874-541a938802d9
afdeffd9-b0b3-4a79-9b05-79f95eabdfaa,33kV Line HIRW3_3L5-55L7034P17[sec]0,ea8e8999-54cd-4d1f-975f-ff36847717b3,572b0a4d-04d0-4f78-996e-e94cbdf64735,HIRW3_3L5,55L7034P17,0.313107,0.630973,5.6462e-06,1.762,33.0,99b1eb3e-97f5-4c87-b5d4-3eb05708a1b8
e0585517-8d41-4bee-a071-f4afcfa937cc,33kV Line HIRW3_4L5-TOWE3T[sec]0,97a4b611-ce4e-4350-b6b8-9d021be2cb9c,6414d27d-af7a-4a1f-8535-d5d1f66f3159,HIRW3_4L5,TOWE3T,0.142338,0.286838,2.56675e-06,0.801,33.0,459bad99-5844-47db-9901-3cbc6a0addcf
4694424f-f2e5-49b9-b55d-114f637f32f2,33kV Line HIRW3_5L5-ABEP3_1L3[sec]0,81e4e3f4-4eec-42f8-b98d-b6c96b0af536,342b326d-4d6b-40ee-afd5-72920f1ea0f8,HIRW3_5L5,ABEP3_1L3,1.92533,2.84752,2.45492e-05,7.569,33.0,55a3abfa-e0e5-46f6-a998-0f4958fd4ed0
47f4c5ae-8455-41af-9cde-1ea7d4a2e491,33kV Line HIRW3_6L5-ABDA3_2L5[sec]0,da805646-9c05-4514-b532-53d836335c8d,e94af79b-464b-4fc4-8e92-3f9fe7ba8359,HIRW3_6L5,ABDA3_2L5,1.22478,2.55779,0.000117538,7.23,33.0,c5c3c99b-654f-46cd-bf3b-fea927158a6a
f9f70038-91ce-4f43-9c88-d37c3da73bd9,33kV Line HIRW3_7L5-RGOS3_#1L5[sec]0,267d8225-3da0-4a06-a5e6-305ec84205df,381f9edb-5868-4dca-ad8d-73ceb05f9c6e,HIRW3_7L5,RGOS3_#1L5,0.084992,0.080344,5.40278e-05,0.664,33.0,c218b6e0-0371-483b-a466-e6d4b7bc48f7
1f30c53f-ca17-4601-b09c-bb6c399efcd9,33kV Line HNDR3T-55L6122P28A[sec]0,3373e739-04d6-47f0-bb26-89c3f87962e9,4a96d6d4-24d8-4d31-a877-b85e57231652,HNDR3T,55L6122P28A,0.0195264,0.0363528,3.66435e-07,0.108,33.0,66ee5e72-4609-44d0-aaf6-af7cae4b5f22
53a34368-807e-479c-aafa-21db184af2ff,33kV Line HNDR3T-ABEP3_2L3[sec]0,3373e739-04d6-47f0-bb26-89c3f87962e9,9b5d2729-4969-4029-8496-ff4fbf04b7ea,HNDR3T,ABEP3_2L3,1.08219,1.78369,1.68627e-05,5.106,33.0,7b2daea0-1e89-4906-9b06-78a7fd335f14
171b6f8f-18a6-4271-98cc-6d6d8c9f0111,33kV Line HNDR3_1L9-HNDR3_#1L5[sec]0,319aaedc-6d88-45fe-8295-fffd96568c3a,c1636179-cce9-4d1a-a8cb-46ad9a62a5fa,HNDR3_1L9,HNDR3_#1L5,0.025047,0.0423185,4.49954e-06,0.159,33.0,c1fb95f7-89f6-47a5-852c-7ed1305c2522
189efba2-b67b-4823-af98-52895bf10691,33kV Line HOPK3_#1L5-AMMA3_8L5[sec]0,7ffd8e34-4ac7-4dc9-966a-a3c57bd29f5a,50521ee5-6862-4a98-9e43-63192381291a,HOPK3_#1L5,AMMA3_8L5,0.038626,0.07654,6.40131e-05,0.72,33.0,d0922ee7-5d55-4c9e-8f90-c78c48b89852
f1845515-3ce3-4029-b7c5-f9fcd02e70ff,33kV Line INCS3_MAIN1-TSNC3[sec]0,872bd4ef-2eb4-49f5-84b3-b5fc435b620b,705657da-7abe-4136-b91c-6ceb353c46cb,INCS3_MAIN1,TSNC3,0.416521,0.566933,6.12489e-05,1.868,33.0,2a055495-9178-4244-b8e8-57e172867d3d
25fa7f16-95e6-4242-8eb5-6e4d1471dbaa,132kV Line LAMP1T-LAMP1_103[sec]0,51ad1a2c-73e9-49fc-9491-5964ab944e09,d0584237-f58e-4417-8519-8fddd650e461,LAMP1T,LAMP1_103,0.177523,0.385415,2.98153e-06,0.999,132.0,0e75e242-e3a3-4fa3-8d8c-6f83831c94f6
26334350-4a50-4cb0-b224-a0a52e4398fd,33kV Line LAMP3_2L5-LWNI3_2L3[sec]0,25962685-ccde-4870-922c-3db2937a191c,c29ce212-1d74-4818-af16-add5611faf0e,LAMP3_2L5,LWNI3_2L3,3.2983,4.50953,3.75211e-05,12.064,33.0,689dbc37-f862-4afc-b304-170b98168735
c38ac564-cd14-4773-b18e-4ea9bd7ca127,33kV Line LAMP3_3L5-59L1079P1[sec]0,179f772b-ca6a-4c9c-b7ac-e7ea89a93717,566a471c-9a6e-41e5-9e54-092aeb0207b7,LAMP3_3L5,59L1079P1,0.00768834,0.00829818,5.78512e-06,0.071,33.0,72dd8f0e-0050-49b1-b3ba-6aa3fe47e7ff
c69a5337-c27f-4167-8e1b-ae42187fa0f7,33kV Line LAMP3_4L5-LAMP3_2L9[sec]0,3d423f31-1c9d-40e1-9507-f288619865c4,5c106516-a903-459b-818c-1ba71d0b6790,LAMP3_4L5,LAMP3_2L9,1.73716,2.25133,2.09136e-05,6.34,33.0,b333e95f-ba39-4524-b8a9-f7d60c078623
7d435410-1f03-459a-afe6-3c7c5810deb3,33kV Line LAMP3_6L5-59L1079P1[sec]0,61d21e1e-7276-4c80-9ce8-8bec315ffd5b,566a471c-9a6e-41e5-9e54-092aeb0207b7,LAMP3_6L5,59L1079P1,0.004384,0.0056816,5.27787e-08,0.016,33.0,b4c12777-aac2-4a91-a256-1f443e047f0a
ee9e8af4-56ae-46b9-9f77-f8f1c019809e,33kV Line LDBF3_1L9-TREG3_2L3[sec]0,4088cefa-b3ca-43fd-b6e2-f1cdf20c2944,7a691379-1d46-4f3a-ab12-12dbacb27eb3,LDBF3_1L9,TREG3_2L3,1.37135,1.76682,5.21579e-05,5.274,33.0,430b4b4d-cca8-46c8-8175-c28b512c3b5a
f8c0a7e6-3569-4703-9d08-d956576ebb6f,33kV Line LDEI3_1L5-MANO3T[sec]0,9fbe378c-5353-4ac3-912d-ca772aead711,f47a6008-19e6-4479-9d31-465f1c174e46,LDEI3_1L5,MANO3T,0.714667,0.977114,8.13e-06,2.614,33.0,e8915091-927e-4780-a634-5634eca8d3ba
292822f8-7d52-417d-b5d6-8c4689933bbc,33kV Line LDOV3_2L5-PONA3_1L3[sec]0,cdc87f9f-ced9-4dc9-a0bb-0d8e16fe628d,641e68fb-8b21-44b9-90fc-6b1ca3554626,LDOV3_2L5,PONA3_1L3,3.48311,4.76222,3.96236e-05,12.74,33.0,b1edae86-58dc-45c8-aeab-483bf02f0624
e02cb47c-fa62-45d5-a2e2-e76a50ffe151,33kV Line LDOV3_4L5-YSTF3_5L3[sec]0,08ac14a3-0b21-4f61-8c7a-04b5781c8366,57856b23-7395-454a-8dd0-587c3472c934,LDOV3_4L5,YSTF3_5L3,5.39814,2.21749,0.000906006,16.689,33.0,159d3647-4328-4d90-900b-374aecc9d370
cb707e02-340c-482b-8bfc-d43fb3592dc5,33kV Line LGAD3_1L3-LDOV3_1L5[sec]0,d1f43834-e382-4aa5-87f2-54b5ba67eb95,bb1439d8-58cc-4ed6-af34-000acfc3fb24,LGAD3_1L3,LDOV3_1L5,2.33137,3.18223,4.01286e-05,8.63,33.0,218ee4c4-6400-4af7-8e85-24df2815c684
91396142-7774-44af-87f4-a601ac475041,33kV Line LIME3T-GARN3_1L5[sec]0,c2340108-47ce-4877-b89e-9e369b838380,9048c8b1-d577-4f02-9310-298d47a342b8,LIME3T,GARN3_1L5,0.250519,0.500587,4.88083e-05,1.564,33.0,95806d0f-3f80-4583-bac5-46dc27a5d894
1449e059-3c34-4f4c-b31f-544267636b40,33kV Line LIME3_&2H0-LIME3T[sec]0,0d31d2f5-41ae-4b29-b900-0706b560ed18,c2340108-47ce-4877-b89e-9e369b838380,LIME3_&2H0,LIME3T,0.0564538,0.0545262,6.80441e-05,0.54,33.0,d76029cd-0a98-4865-a458-9d0e6eb80a0b
1e251a22-878c-4407-8fa8-5316f5828050,132kV Line LLAN1T-LLAN1_103[sec]0,67cb6ebd-742f-4fe0-a700-c6bdc75d2074,de4ec1cd-e8f3-4b19-8912-11487677e20a,LLAN1T,LLAN1_103,0.989258,2.33647,1.52156e-05,5.567,132.0,643d3c0b-73be-410b-a361-7cc82ae4e3eb
6e171cba-eaa2-4b73-ba4d-5282e996e457,33kV Line LLAN3_1L5-BLAP3_3L5[sec]0,660c0c35-e9da-411e-a580-3248f15360d3,b7db8a6b-da7f-4bcf-b04a-553c4dc418bd,LLAN3_1L5,BLAP3_3L5,4.79116,6.20928,5.76805e-05,17.486,33.0,b2ef6e10-6270-4e9a-aa6a-76cbf7f31878
f96839e4-33b8-42f5-8336-30ed8d5acbdb,33kV Line LLAN3_2L5-ABAE3_1L3[sec]0,ceaefd0f-4c2d-4c8a-9919-6943ba90ce5d,2ed3383a-220a-4002-ab17-8796e1c507f8,LLAN3_2L5,ABAE3_1L3,3.83665,2.76108,2.41506e-05,7.089,33.0,23afc9d5-caeb-4577-bde9-2590f78b59c9
b23b8b37-bd33-48fd-9b52-3263c651dc8d,33kV Line LLAN3_4L5-LLAY3_2L3[sec]0,3a94a215-c652-490b-861e-e290fa2b20e1,c2b93a7d-bbf9-46ab-ba86-b66315ba338b,LLAN3_4L5,LLAY3_2L3,3.35442,4.33929,6.71653e-05,12.372,33.0,ea2ff1a3-34ae-425b-b6bf-964e5c6e25c6
c267e363-20d4-4de6-a1e6-34c5800ae7a1,33kV Line LLAY3_3L9-LLAY3_1L3[sec]0,19886a36-1172-4343-a048-37abb4ae5cb3,75094f04-f4ee-47b0-933c-37dfc665709a,LLAY3_3L9,LLAY3_1L3,0.895432,1.16047,1.07801e-05,3.268,33.0,9d39a8c1-7aa1-4ef5-a472-0332fbc8da09
1b61932a-2db4-4836-9f69-b4e0549b7033,33kV Line LLCY3_MAIN1-LCYS3_#1L5[sec]0,4bcac5c3-b10d-4da4-bcf2-eb0e47a6de6f,32f78083-fd0f-40d8-89ec-ad8240818401,LLCY3_MAIN1,LCYS3_#1L5,0.0228581,0.0246767,1.71717e-05,0.211,33.0,0a5b318f-8121-4158-8489-b6bb954a73f1
697d91ba-e9c6-427a-9063-01452f5675c7,132kV Line LLEL1_205-82W23DW[sec]0,312ca6b1-2d4d-40d9-8a96-6bc2ae4256d8,6a74e9b7-bf87-43b9-a1a8-855c8d82726b,LLEL1_205,82W23DW,0.0315516,0.121264,8.87816e-05,0.922,132.0,aed55842-3b01-48b6-93b1-1e068a696b23
5c1ffc40-3755-4c44-9af7-c79f8626414d,33kV Line LWND3T-58L5303P19[sec]0,ad3be21a-763e-4ec7-8648-e231dfc0a832,3b4324af-dcf9-4095-a0c7-ac0b183140ac,LWND3T,58L5303P19,2.32619,3.37392,3.29299e-05,9.774,33.0,4333833c-453e-46f4-b834-7466835266b8
c15ee584-e70e-4d42-84c6-720958ab93ef,33kV Line LWND3T-LWND3_#1L5[sec]0,ad3be21a-763e-4ec7-8648-e231dfc0a832,03285868-d3de-4604-afcc-087135d05b0f,LWND3T,LWND3_#1L5,0.00282051,0.00303831,2.11203e-06,0.026,33.0,00146af4-5892-4398-b802-8fb5011de2a2
bf6c9f21-858f-4fea-b312-9c981b0114aa,33kV Line LWNI3_1L3-RHOS3_2L5[sec]0,90ba6d7e-7352-4a61-b2b2-72091a994015,add06955-54e0-481f-a12c-ad6db297d45d,LWNI3_1L3,RHOS3_2L5,2.91512,3.98076,4.01307e-05,10.708,33.0,e060d42c-11d5-4a8e-acc7-da24799092e1
d0c490e3-5e04-4d8e-b9aa-d722a57109ac,33kV Line MAEG3T-ABEC3_1L5[sec]0,b3d03fdd-f787-4fac-ba4b-b46c6246de03,ac4f195c-725c-48e4-bd16-d9fb867ddf1e,MAEG3T,ABEC3_1L5,1.02841,1.97981,4.02227e-05,5.771,33.0,028af4df-9320-4ab6-a517-b9a5a555fec5
b8dec67b-1cf3-42e4-a9be-493a28d6b499,33kV Line MAEG3T-MAEG3_#1L5[sec]0,b3d03fdd-f787-4fac-ba4b-b46c6246de03,79756882-be6f-433f-be2d-29cf1edfc717,MAEG3T,MAEG3_#1L5,0.00747054,0.00806949,5.60147e-06,0.069,33.0,31e27800-b00f-4288-9948-f28f3404ae94
8e21e17e-aa58-473a-8201-f2671eff709c,33kV Line MAEG3_1L9-MAEG3T[sec]0,49b03d4a-c4ca-43f7-9192-93db54d62067,b3d03fdd-f787-4fac-ba4b-b46c6246de03,MAEG3_1L9,MAEG3T,0.00266549,0.00492901,5.23075e-08,0.015,33.0,ed17d5e1-3fa7-455d-9961-400975765116
c03f4b07-f239-4f2d-b3e1-0573606c7a6e,33kV Line MAER3_#4L5-MAEW3_#1L5[sec]0,f2e29f75-1e2f-4771-a95a-4bb3c85246f0,f5ec4241-6e40-4b61-b730-1a4e1c65bb84,MAER3_#4L5,MAEW3_#1L5,0.408273,0.724177,0.000141758,3.087,33.0,b120309a-0d64-4c1b-81f3-fd2fc1a327d6
747dec78-7a91-41ed-b060-8c8653e235c3,33kV Line MAER3_2L9-MAER3_#1L5[sec]0,e8f736ac-fffd-4a82-91e5-644df69b3da4,deea35eb-a3b8-4ed7-b8bf-37e311db6003,MAER3_2L9,MAER3_#1L5,1.75403,2.39891,0.000183464,7.745,33.0,3fcbbf51-fa1d-417c-8b29-7019fb8a0a04
3c5fc458-712a-42de-ba5d-844e3de885dd,132kV Line MAET1-HIRW1_103[sec]0,3c75512d-e9ac-4cdb-982d-a485bc3dd484,311446ee-bf1f-4e0a-8245-96dd0e3dee72,MAET1,HIRW1_103,1.53393,3.47898,2.46919e-05,8.637,132.0,a4a7eb8e-d204-468b-81c3-9fdddda25d87
9a6bef76-5506-4965-88b9-c3748f13ad70,132kV Line MAET1-MAES1_105[sec]0,3c75512d-e9ac-4cdb-982d-a485bc3dd484,a46ba693-fec4-41a4-a421-1534b1a2477e,MAET1,MAES1_105,0.0830832,0.166166,4.48815e-05,1.079,132.0,c2a5c363-6824-4110-9a82-375314c97e24
aae40ef9-5413-4e67-853f-839608e440dc,132kV Line MAET1M-HIRW1_203[sec]0,4b84bf9d-177e-4a58-ad44-3927f370777c,1c0efd6e-33f7-49aa-96bf-4857a78d1f6c,MAET1M,HIRW1_203,1.53393,3.47898,2.46919e-05,8.637,132.0,a42a1f32-55de-41d5-bd23-dc9b30fa996a
46bb7458-0bec-47e8-9490-d9f7b28a8a77,33kV Line MANO3T-59L5309P6[sec]0,f47a6008-19e6-4479-9d31-465f1c174e46,13f178c4-9a28-4335-90bc-4b3482cf909b,MANO3T,59L5309P6,0.316492,0.227621,1.71871e-06,0.582,33.0,ea1b4eea-10cb-4277-8752-b00a1a79d405
e0d7a7ab-ce51-4443-a19c-ce0bbf819b0d,33kV Line MANO3T-LGAD3_2L3[sec]0,f47a6008-19e6-4479-9d31-465f1c174e46,b7b31986-1c22-4b58-82fd-84aa14618a6e,MANO3T,LGAD3_2L3,1.49768,2.04768,1.70376e-05,5.478,33.0,76d3bc7b-904e-4b81-8347-0608fb04862e
d77b95fd-f552-4a65-b859-3b5e98396678,33kV Line MANO3_1L9-MANO3_1H3[sec]0,2c612617-eef9-4899-b4ae-e72140b89a46,f8f6c26b-5f4f-4df6-8fca-b2b5e23f8970,MANO3_1L9,MANO3_1H3,0.477456,0.343386,2.59282e-06,0.878,33.0,f620dd4a-0e71-465a-ae36-b4fd9e3a18d4
d254a15d-b9b1-45f1-bbfb-a5d195b674a0,33kV Line MEIN3T-MEIN3_2L3[sec]0,4dc02b5f-98da-4c30-89e4-3ef1bd254726,dbb85ce6-abff-48be-a0a1-d9bec38c4d2e,MEIN3T,MEIN3_2L3,0.00165511,0.0035154,2.65779e-08,0.009,33.0,eb008ca5-a178-45a5-9c56-a4bd2da363da
3ca18b83-4ecd-450f-a665-a96ab26c4b7f,33kV Line MEIN3_4L9-MEIN3T[sec]0,be860759-2775-40e8-84d1-4762532028bb,4dc02b5f-98da-4c30-89e4-3ef1bd254726,MEIN3_4L9,MEIN3T,0.00582615,0.00705672,3.85675e-06,0.051,33.0,60310023-b90f-42c3-8993-239c702c4d1c
99317a47-bacc-4643-a22a-b11b8425b274,132kV Line MGWT1-MNYG1_105[sec]0,2276fad9-4494-4f5a-8be6-7268ec01c010,443a9d75-b1b7-4c91-920c-06ffd0d3009a,MGWT1,MNYG1_105,0.0172082,0.0300672,9.46511e-09,0.155,132.0,0188ced2-208c-4b9f-964b-e30c570b0b6c
482f26ce-59dc-4da2-8a55-994243688587,132kV Line MGWT1-PP1N1[sec]0,2276fad9-4494-4f5a-8be6-7268ec01c010,2251343d-4fe1-4f53-a4bf-f5aa7e6382ad,MGWT1,PP1N1,0.11637,0.636804,8.32725e-06,2.155,132.0,31a719f3-19f7-4030-a4e4-451ea494dc99
8390bf3e-f329-4504-a896-4c6e735445e5,132kV Line MGWT1-SWAN1_205[sec]0,2276fad9-4494-4f5a-8be6-7268ec01c010,4a4f06e4-2c14-4075-a83a-40cfc6402358,MGWT1,SWAN1_205,0.433004,2.36651,0.000136182,8.359,132.0,a4a75c8e-1a0f-492f-a1ab-57bd6af5808c
fc0fee07-fa64-4a81-b23b-e02f1635b568,132kV Line MGWT1M-PP1S1[sec]0,253e12d9-7f41-4638-9717-d26402af0d57,01d3ff37-abfd-47ff-9f3c-11d5e5d10ad7,MGWT1M,PP1S1,0.11637,0.636804,8.32725e-06,2.155,132.0,488f24fd-7e14-48da-abad-1dfd63e6fa2f
5f04fe47-e59f-4c8f-ad95-1634da4ef390,132kV Line MGWT1M-SWAN1_505[sec]0,253e12d9-7f41-4638-9717-d26402af0d57,a03d1610-12c6-4761-abfa-ae6115bebe74,MGWT1M,SWAN1_505,0.431296,2.35743,0.000126983,8.298,132.0,d6c0a816-f262-4401-a834-cc18d3a2911b
224da5b3-037d-41ca-a3a6-77b97521b32a,33kV Line MIDY3T-MAER3_#2L5[sec]0,c7747e18-99b4-4a1a-98e6-7ede8f6f22dd,ad48d12f-562c-48d5-87c5-0bb236e83030,MIDY3T,MAER3_#2L5,0.55775,1.16575,2.75074e-05,3.11,33.0,7fc519be-915c-4ace-a837-b990327d8ae0
7b90b55d-74c9-4f9f-86ac-32929b22d6ac,33kV Line MIDY3T-MIDD3_#1L5[sec]0,c7747e18-99b4-4a1a-98e6-7ede8f6f22dd,a5b1b95c-865d-4cdd-9eee-b836c2ee12c8,MIDY3T,MIDD3_#1L5,0.0139501,0.0251123,6.97888e-06,0.123,33.0,9cbf387b-aecb-4973-a098-f5b33072c3e6
4855ed06-cc2c-4b74-b815-e3eb5cd014f9,33kV Line MIDY3T-YNYS3_1L5[sec]0,c7747e18-99b4-4a1a-98e6-7ede8f6f22dd,f40bb78f-d83f-424a-aa95-1ff050931228,MIDY3T,YNYS3_1L5,0.730149,1.96792,6.24585e-05,5.439,33.0,31e2c354-ea9a-4201-8f78-cf4abdbef436
e1df5d2f-d8a0-4d78-a669-50e5b49702a3,33kV Line MYNG3_1L9-MYNG3_#1L5[sec]0,fe4db6f3-d267-4887-8aca-10ca56624250,d2023678-86b4-4429-a378-af7856291315,MYNG3_1L9,MYNG3_#1L5,0.086912,0.082159,5.52484e-05,0.679,33.0,4810ccb6-1fb9-4de5-9116-3bc275465f75
7d22582f-f9be-410f-bf24-ef28f67f106c,33kV Line NANG3_#2L5-LDEI3_4L5[sec]0,d44e900d-055e-4647-90f4-61211b6e6a84,e02f9fc5-2640-40ed-8852-909f902bcb6b,NANG3_#2L5,LDEI3_4L5,4.11093,5.61761,5.68676e-05,15.114,33.0,9c42abd4-8b28-4eda-8dc3-5b16db84c331
cf1f5974-6525-41e1-a155-011b7f53c090,33kV Line NCES3_2L9-NCES3_2L3[sec]0,c65600f8-cb50-4197-a85a-e238a8dc1384,71fe26d6-c2a6-49f0-94f8-1df80808f200,NCES3_2L9,NCES3_2L3,0.599657,0.841548,7.26697e-06,2.203,33.0,b4f6ea0e-6509-41d8-8fb7-1ef726bad431
3b42526c-3d2a-49fe-939f-c93da2d5e539,33kV Line NCET31-58L5312P70[sec]0,7cf85f1d-4600-49a2-a6ff-65b60edf1980,6c036cf3-61d4-4519-a297-45e1c81e8185,NCET31,58L5312P70,0.0225679,0.0417322,4.42871e-07,0.127,33.0,06e25856-6cae-4b60-bc01-bc0ad81a076f
3e374a80-f417-48f8-a84e-57169a4f4786,33kV Line NCET31-NCES3_1L3[sec]0,7cf85f1d-4600-49a2-a6ff-65b60edf1980,375145ad-f55f-4254-8c80-eef2bb5b66cc,NCET31,NCES3_1L3,0.103599,0.191574,2.03302e-06,0.583,33.0,22408c4f-c959-4b6b-951a-be8d974f77f4
b0fcc1ea-5835-40fd-b1c6-becba9915f75,33kV Line NCET32-58L410P91[sec]0,ae50a805-9cd0-44e5-91cd-eb73a728b8b1,0f8ecd0b-3eac-44c3-94c7-8a3dcab68ec0,NCET32,58L410P91,0.0278868,0.0381276,3.17238e-07,0.102,33.0,378efd11-a2ea-49e6-8563-eada56cbe541
584695bb-006b-4251-92cc-d48359576fff,33kV Line NCET32-58L5301P1[sec]0,ae50a805-9cd0-44e5-91cd-eb73a728b8b1,9de0c3c3-f256-4fd2-9d9b-13d9e716f505,NCET32,58L5301P1,0.0168763,0.023684,2.04517e-07,0.062,33.0,22d81c9b-c3c3-4334-bd39-3f63e30ba9e0
9d285ab4-8396-4b59-9d72-dd33c7c89c77,132kV Line NEWL1_103B-W38_1NW[sec]0,94d9c17c-e1c8-42f7-ba69-faf39fdd990a,f625b9be-cc7e-4994-a246-ab4f7c4fe2eb,NEWL1_103B,W38_1NW,0.00896001,0.03744,2.11115e-05,0.32,132.0,13a2a16f-0534-472a-865e-dfaf1d6be25e
5f249fe2-bd4b-4587-bc8c-b07fa786acb6,33kV Line NEWL3_2L3-CYNH3T[sec]0,3d9bacff-e5b8-4046-ad5f-d9b4c77704a9,34aa93ae-46fe-4bf1-92d2-e7c49fc57c79,NEWL3_2L3,CYNH3T,0.415878,0.414876,0.00037686,3.768,33.0,39231a84-ad81-4199-b3f4-87b8bbbb3c95
84a3524a-a14b-40de-a0c5-080b9c784ed0,33kV Line NEWL3_3L5-FOSL3T[sec]0,cd64b3d5-e4ea-48a0-8874-2d418d788dde,7ef5ff23-eee1-4f83-9727-d36ecdd38fa6,NEWL3_3L5,FOSL3T,0.904593,2.08673,2.83525e-05,5.316,33.0,51b7c48b-079c-4d16-90b4-0c1dfde7b607
f28557aa-f42c-4367-a9b8-2a7187a74aff,33kV Line NFOE3_1L9-NFOE3_#1L5[sec]0,b8ebf248-15b6-4ab9-ac10-a299110073fd,7a5b2908-495d-49a7-ad0a-2851e1c0a66e,NFOE3_1L9,NFOE3_#1L5,0.0292397,0.0315701,2.19467e-05,0.27,33.0,832f0ae3-bc67-4674-b2f8-51466b932a87
7d970b05-b580-4110-a132-f3b62a47698c,33kV Line PCSN3_1L9-PNYC3T[sec]0,b8b79962-fcf6-49c2-aaec-f6a3a25bed12,6c33c0af-2876-4230-94cf-7ef8f90397e8,PCSN3_1L9,PNYC3T,0.296546,0.320177,0.000222773,2.738,33.0,acc2f13b-6a1f-43df-9d1b-c1b6fdb2b966
86854780-8533-4263-b22a-dc7115f23572,33kV Line PCYN3_#2L5-PCYN3_1L5[sec]0,5651b85e-03b6-4021-befd-a2b9472a8ba1,e83f055a-af0c-4965-9cd3-a2d0884bb0c0,PCYN3_#2L5,PCYN3_1L5,0.00324522,0.00350658,2.47934e-06,0.03,33.0,934628e3-ce10-4767-9d1c-93dcdf2e3190
de91176c-9b50-4d3f-aba1-d55d6527c1a8,33kV Line PCYN3_6L9-PCYN3_1L5[sec]0,81e88d89-ccb3-4227-942b-298cce87d280,e83f055a-af0c-4965-9cd3-a2d0884bb0c0,PCYN3_6L9,PCYN3_1L5,0.825439,0.471241,0.000139026,3.08,33.0,3e4eb172-fc71-48df-97df-7eed2afd6455
fbfc100f-5a1b-4473-b63e-1c0a862b9fcf,33kV Line PEBL3T-WHIT3_1L3[sec]0,58a374ea-d3fc-47a4-bbc8-dbf3949a18d3,968be0ea-3800-46b9-9424-cff794c68eee,PEBL3T,WHIT3_1L3,0.0500323,0.0684054,5.69162e-07,0.183,33.0,2b22310b-5ebe-49f1-911c-26f95943c3ff
02626665-b3c1-4852-9ec7-6f967f94fa2b,33kV Line PEBL3T-WHIT3_7L9[sec]0,58a374ea-d3fc-47a4-bbc8-dbf3949a18d3,9730f565-d750-4d4a-9b48-7f586b7f4aab,PEBL3T,WHIT3_7L9,2.76799,3.83592,0.000101204,10.658,33.0,1fa283ef-493a-4b26-9fad-4bbc4727e99d
5b30ca57-9ca9-48e6-a556-0b9433945907,33kV Line PEND3T-58L4533P106[sec]0,e1864a21-de73-465a-a8cd-69b4271be8ac,e31e934e-f324-4844-8808-efb9d6346d06,PEND3T,58L4533P106,0.0597071,0.110409,1.17169e-06,0.336,33.0,471e8d5a-5235-4633-ab42-200a7fa7c393
0edb863e-fa90-42ee-9773-5ed4f0aef838,33kV Line PEND3T-TIER3_2L9[sec]0,e1864a21-de73-465a-a8cd-69b4271be8ac,896f43a4-b9df-4348-9304-a60c3328e221,PEND3T,TIER3_2L9,0.200267,0.370333,3.93005e-06,1.127,33.0,deff9069-cfaa-4703-8081-590f89586cc0
28ee3263-78d2-4723-8549-5461c0e2230b,33kV Line PEND3_4L9-58L278P45[sec]0,0980dccc-584b-4bd8-9666-e6499cfab3b1,715bb8fa-ae51-4bf7-9d70-5cd2ad9e0926,PEND3_4L9,58L278P45,0.764309,1.41045,3.57612e-05,4.417,33.0,3975ed51-1905-4f9a-a248-0d9a966d0ccd
5e18a893-da83-4e54-95dd-23415bfe144a,33kV Line PNTA3T-PNTA3_#1L5[sec]0,6dc066a2-1a5c-4850-9600-2c56c36b7c77,1dc7393a-643e-42f6-91e5-18d226085e47,PNTA3T,PNTA3_#1L5,0.00282051,0.00303831,2.11203e-06,0.026,33.0,fd7f9e2f-7c48-4816-9dcb-cbdc712f770b
ee3b9cf4-34ad-4ce4-adf7-3e7404c2f3c8,33kV Line PNTA3T-PNTA3_3L9[sec]0,6dc066a2-1a5c-4850-9600-2c56c36b7c77,cfb63c2d-aa77-4152-b6f8-1baf009d616d,PNTA3T,PNTA3_3L9,0.0159994,0.0314157,2.78785e-07,0.087,33.0,65c99006-b88e-41f8-8fe9-504d14f7c107
4c1f5dc3-9e14-436d-b12d-73f8eff65862,33kV Line PNTM3_3L9-PNTM3_#1L5[sec]0,637a0a79-8608-4a9e-9cc2-83c2319ab86a,5e8d0a87-10e4-4a8e-bb87-3b3c7dea0b3a,PNTM3_3L9,PNTM3_#1L5,0.12921,0.139501,9.70615e-05,1.193,33.0,154ca288-698c-4530-bd8f-005ad6d870f9
8e76b647-07ea-4a77-b1c1-b46681e124aa,33kV Line PNTR3_5L9-PNTR3_#1L5[sec]0,44e5f20b-1aa5-4a48-84b0-9c61fae900fc,f783efc0-9c85-4f01-a4f8-ae9f611f82cd,PNTR3_5L9,PNTR3_#1L5,0.238491,0.257494,0.000179155,2.202,33.0,cc87b896-25b3-42c1-b538-af42f7958ec9
48a2158c-4c33-429b-966a-ee6e0ce284aa,33kV Line PNYC3T-PNYC3_#1L5[sec]0,6c33c0af-2876-4230-94cf-7ef8f90397e8,a1ee7203-6f54-46c6-bb3f-2ee43c039a46,PNYC3T,PNYC3_#1L5,0.034554,0.0372983,2.59871e-05,0.319,33.0,c9b0e478-c5dd-44af-98d2-fe6d6ce9d3d8
3f5955ed-6cf4-4917-9b57-ea0dfd8247b9,33kV Line PNYC3T-SRON3_#1L5[sec]0,6c33c0af-2876-4230-94cf-7ef8f90397e8,708a644a-2a09-4e9f-9705-9a8ab20b9fe3,PNYC3T,SRON3_#1L5,0.162784,0.175754,0.000122314,1.503,33.0,60b941fe-26ae-484e-bac7-7c8b7c450a76
597e1225-ed0d-40c7-bcb4-b8e89fb44d10,33kV Line PONA3_2L3-LAMP3_1L5[sec]0,fdb6f09d-cc89-403f-8efc-5c7b9f74d965,b8c08cc9-c39b-41de-b90a-a154fa2211da,PONA3_2L3,LAMP3_1L5,3.64387,4.98201,4.14524e-05,13.328,33.0,6b06ad24-ba0a-43b4-9f95-e314613b8bd7
7937789e-e749-4234-b042-b73c7610a9b1,33kV Line POND3_#4L5-POND3_1L9[sec]0,0c6b5076-c44e-497f-b68b-ddae534b0d3c,5dec7cc4-912c-4b5e-be8e-b868a72d4c53,POND3_#4L5,POND3_1L9,0.937618,1.96231,4.0955e-05,5.217,33.0,655777ea-da1b-48eb-b75e-b215d49e478c
8924a5e5-fd42-49b3-9d12-deafbf4bda34,33kV Line PONY3_#1L5-52L7800P1[sec]0,08f7366d-0d5d-416d-ac4e-fc7809126c0f,382afe3e-8f36-4e40-9c59-45cb280d9f24,PONY3_#1L5,52L7800P1,0.411214,0.861962,1.85281e-05,2.278,33.0,4feea29b-ee73-4f07-8545-93ddd9014582
bc6fdbfc-6d80-41a3-9e17-21105fcc0f78,33kV Line PYCM3_3L9-PYCM3_#1L5[sec]0,f900bc9d-b722-4eee-a0cb-94c92c8d18f7,7c42e600-5935-4799-a699-fa54e33a3101,PYCM3_3L9,PYCM3_#1L5,0.213259,0.230247,0.000160239,1.969,33.0,de16cf81-b2f7-4fba-b894-5814ad8efd49
c9019955-8501-4785-a4ca-94e39b7527bd,33kV Line RAVE3T-RAVE31[sec]0,642aa66d-c044-457d-9255-b871ab0f2849,fd073290-4bf6-4080-a173-5463022b8818,RAVE3T,RAVE31,0.00314631,0.00407539,2.49222e-06,0.033,33.0,96a4f92e-2630-4e84-94a5-a0e5d2ea2fa9
fedb6737-248e-4094-b496-8488e79f327a,33kV Line RAVE3_#1L5-WAUN3_2L5[sec]0,1716219e-dcab-42f4-846b-db5b81925862,2d7bd09e-ee28-4932-bfbe-253f3d71bd9f,RAVE3_#1L5,WAUN3_2L5,0.639364,0.815509,0.000217561,3.79,33.0,65b2805c-ea8e-43cf-adca-7f6ed53e8e8e
9b5a436e-8e26-4d74-a3b8-1246a8a0fca1,132kV Line RHOS1_303-LAMP1T[sec]0,26adbeb7-8d3f-431e-bd73-64f66d3553a1,51ad1a2c-73e9-49fc-9491-5964ab944e09,RHOS1_303,LAMP1T,4.07805,8.85373,6.84917e-05,22.949,132.0,b54adf4b-25fc-4a37-b8ba-51e1fbd644a3
548cdf1a-0599-4e00-bbfe-1c57f40a2a6c,132kV Line RHOS1_403-LLAN1T[sec]0,c3bd7641-9582-4600-9a21-5ec9a8df6eaf,67cb6ebd-742f-4fe0-a700-c6bdc75d2074,RHOS1_403,LLAN1T,3.59563,8.49444,8.18365e-05,20.368,132.0,e6b98b52-3c15-4421-9a2d-6eba7421be12
389de60c-b55f-4c22-81e9-59cb3bd9869f,132kV Line RHOS1_505-BLAG1_105[sec]0,bf6a036d-752f-4b70-9a17-da8b63cb6e0e,d4750ab2-2bd1-4892-b7ba-9034fd01f50c,RHOS1_505,BLAG1_105,1.75177,3.58438,3.10937e-05,9.858,132.0,2663e6bc-70a8-423e-8ba4-83b8dc8956dc
780fa235-5ffe-4d5b-bf98-99bb20e363e6,33kV Line RHOS3_1L5-BBWT3[sec]0,f968e097-6f9f-40e1-8bf9-10a768b4e386,8f41180a-75da-467b-8f33-9cee74a9a81b,RHOS3_1L5,BBWT3,0.631411,1.14112,4.05391e-05,3.632,33.0,58f99f99-cca1-4f21-8d81-884319663fa0
7a3898a8-ee36-4b24-b0b2-c597890d5718,33kV Line RHOS3_1L9-RHOS3_4L5[sec]0,b1fc241c-480c-4be5-b0c8-03c62edb5b09,156764dd-958b-4b6b-8df5-cd0eae7fbd4e,RHOS3_1L9,RHOS3_4L5,2.40327,3.28807,3.70216e-05,8.859,33.0,5c958abf-0332-4437-838d-138ee3840af6
66937be6-b909-4427-8c6f-e988c8762ae4,33kV Line RYPD3T-CBET3_#1L5[sec]0,95a7ab3d-00c1-411e-abe4-bcca4f72a0e4,6d119801-f624-4eb6-ad8c-3c817803bbdc,RYPD3T,CBET3_#1L5,0.00107811,0.00116523,8.26446e-07,0.01,33.0,73db4912-4027-48c6-929e-1149ab7c5613
298d3b44-1608-4b61-b2ec-856347b8d099,33kV Line RYPD3T-RYPD3_#1L5[sec]0,95a7ab3d-00c1-411e-abe4-bcca4f72a0e4,f5a1503d-928a-405b-bb44-f513f91a0fcc,RYPD3T,RYPD3_#1L5,0.0831778,0.0898098,6.25344e-05,0.768,33.0,1e4137ca-a40e-4f36-8a1b-8964c61e3e5a
e1b8c7f2-1e95-41d2-9d2c-0903ed0e3d02,33kV Line SPRI3-58L278P2[sec]0,c7de034d-8a84-4f76-af88-9bf3928555d4,f489b9cd-47e4-4f3b-b07e-9012e89b31cd,SPRI3,58L278P2,0.0264773,0.0489614,5.19589e-07,0.149,33.0,24056b26-9c36-47c5-8c99-d44dc178e5df
60411bb1-957d-4014-b69a-51e728bc2536,132kV Line SWAN1_105-82VE35W[sec]0,8adbf254-d5ca-4bc6-aab0-8d13b240ca81,8a1177a8-e247-4b69-85eb-028bda96b54e,SWAN1_105,82VE35W,0.435344,3.60611,4.07125e-05,11.22,132.0,d526359c-9001-4c2e-ad9e-fae8cbcf2714
b3126ebd-b5b6-45d6-98a7-397c6f76a858,132kV Line SWAN1_1205-82V28CW[sec]0,bb52d0d8-c2cb-4aa8-8738-3e72fd1265fe,5b4076eb-d35d-471d-b05a-4e70e03da483,SWAN1_1205,82V28CW,0.015466,0.052873,4.99014e-05,0.37,132.0,f3549e86-aba9-4da4-a489-9fdca3570ff3
5dba8228-ab61-4e37-ae85-7a4cfc89b081,132kV Line SWAN1_305-82V97S[sec]0,a392c0f6-f828-4c44-a6d7-b5431425435a,5aa076df-d39f-4c80-8bac-fece3546830c,SWAN1_305,82V97S,1.16978,4.97434,7.17292e-05,12.789,132.0,7a7191bf-a014-4b79-841e-dcde1cc1fb25
e43ae696-655d-42dd-ac9a-ab21b9869165,132kV Line SWAN1_405-UU19W[sec]0,2ab16ff5-93d4-4d49-8853-1f56c8847235,f8319758-5df6-4248-b090-52905b8c39f9,SWAN1_405,UU19W,0.37682,1.76139,7.3067e-05,5.138,132.0,712708fb-70d8-48e3-b84b-4112489241f1
c8af435e-aa81-405a-a3c0-85738b6e0e2b,132kV Line SWAN1_605-82V97N[sec]0,2414fc24-318e-47b4-a7a0-528301ebb20b,6213fdf1-117c-40de-b718-cc5f7d443f52,SWAN1_605,82V97N,1.16623,4.9622,6.02652e-05,12.704,132.0,b0d59d71-2ce6-4ede-b4ee-38b229b21156
89223f8b-886e-42a5-8585-49ebb876025e,132kV Line SWAN1_705-LLEL1_303[sec]0,93a3096f-d70d-43d7-83d3-9783abe85203,ac91ef36-f337-4122-afff-c309dfad686b,SWAN1_705,LLEL1_303,1.60179,5.56561,7.47894e-05,17.993,132.0,63fb8887-383d-46af-8797-5b8a9db6d506
e3840c0e-2ff1-4e44-8436-515b4c5f7b2f,132kV Line SWAN1_805-UU19E[sec]0,4372766a-db59-4edd-916e-ce0bab69b635,4aef418e-0257-4356-a69d-88dd0e933e2a,SWAN1_805,UU19E,0.396677,1.78697,4.54347e-05,5.173,132.0,ac6819f7-bf0d-4c2b-8ad4-722acb85f402
a384b480-8c42-4c7d-bb9a-dba9c5318d7f,33kV Line SWAN3_10L5-CLAS3_#2L5[sec]0,4f8054e5-d22b-4d83-ab37-b983e9deb916,7b73241b-78f4-4a98-b2ed-2244b4941ee4,SWAN3_10L5,CLAS3_#2L5,0.407602,0.595705,0.000250046,3.05,33.0,1d32164d-24eb-487f-bad2-740b4fe95a53
4600b481-a4ca-4ff4-aa9e-2f6d028e64b2,33kV Line SWAN3_11L5-BRNW3_#1L5[sec]0,4be52649-ca59-46ac-b9e0-aada70a54e31,fdd6d2b7-ccef-4f26-b4a8-7b970f99e6c4,SWAN3_11L5,BRNW3_#1L5,0.02688,0.02541,1.70871e-05,0.21,33.0,e0a50b0f-421b-4849-a091-f80082e26e32
22228173-5157-45c4-93d6-e162b6ebaaab,33kV Line SWAN3_12L5-FELI3_#2L5[sec]0,3ba8c75d-c8aa-408e-8a03-340b55c0fc74,6d90b395-4d95-4d10-ba50-f47543d8def2,SWAN3_12L5,FELI3_#2L5,0.150248,0.177827,0.000134934,1.533,33.0,daeaa160-7237-497a-b49d-4b3cb5fd1212
1ec22dbb-1172-4780-b2f9-666288fc5fb4,33kV Line SWAN3_14L5-SWNL32[sec]0,f5720979-04d5-4407-9f60-2a5400d9f216,57d4c0e8-e8d3-4ed7-9e86-3a50e92f741a,SWAN3_14L5,SWNL32,0.0248292,0.0265063,1.83655e-05,0.226,33.0,5e3ce3eb-e031-4c7c-90ca-d67bc567b82d
c5443337-5882-469f-ad4e-27444b278efa,33kV Line SWAN3_16L5-ALLA3_#1L5[sec]0,60b040f8-43a0-4002-9d2f-b69eff936ca9,dc1bbf93-01d8-4746-88f8-96f0eee15d43,SWAN3_16L5,ALLA3_#1L5,0.261944,0.302884,0.000208008,2.537,33.0,dfd3da39-eae1-4dd2-848f-fc408d38cad7
ab71690e-9b63-4214-b329-d76aaec85728,33kV Line SWAN3_1L5-GARN3_2L5[sec]0,75c056fa-5eb2-4ef6-848e-892b35b743f6,9dada2f2-b67b-42cc-8b27-cab6b47eeeff,SWAN3_1L5,GARN3_2L5,1.00105,1.89855,0.000252343,6.306,33.0,77b0563c-fafd-4d77-b787-f44b5c20319e
23e55626-056c-4753-97cf-fa9cdd7a992c,33kV Line SWAN3_2L5-52L6053P10[sec]0,0c9765ec-b4cb-4209-a863-0a336bd86748,53fa2dc5-cc89-4969-a852-80ec3e69cbfb,SWAN3_2L5,52L6053P10,0.296448,0.561532,3.99449e-05,1.74,33.0,889574b4-41af-4e03-a4ee-0de0048b20b2
f678bdb2-95e6-47f6-982b-f99fa8c15c59,33kV Line SWAN3_3L5-TYNY3T[sec]0,a52c56f0-0cf1-4441-b950-80962a271f5e,2aa84145-0e9b-413a-8d88-8122125e7d89,SWAN3_3L5,TYNY3T,0.816097,1.17998,0.000146281,4.145,33.0,01e3aea2-d960-4d17-8a27-43c1da089e19
905945ab-0d07-4bb9-b644-fecfcc3bf979,33kV Line SWAN3_4L5-FELI3_#1L5[sec]0,df260de0-d72d-43ed-ae73-90b5c05a6b09,5994abde-5a8d-49ae-8bee-e5b5a8a82b53,SWAN3_4L5,FELI3_#1L5,0.145837,0.172606,0.000130973,1.488,33.0,eb839020-3299-463b-849e-89228cdf48ab
e9e3cea6-a209-4bbf-88b4-db18a4561f42,33kV Line SWAN3_5L5-FELI3_#3L5[sec]0,2620b065-eb13-42ad-9062-f8665857a49a,95f80aba-01fd-454a-bbb6-371348fae1ef,SWAN3_5L5,FELI3_#3L5,0.140839,0.166691,0.000126484,1.437,33.0,8b80a85e-9b1b-4f6a-a2c3-60471b858006
b4e7f20e-5e6f-46c2-a19a-66e29a5bac94,33kV Line SWAN3_6L5-WAUN3_1L5[sec]0,4f5d03fe-b03b-48b0-be5e-b31f2ee99853,181fdd1a-5ddf-4fbd-923f-ce11e5c94070,SWAN3_6L5,WAUN3_1L5,1.02039,2.00999,0.000230791,6.39,33.0,7a99e5ef-1a6b-400e-8cd3-fd6a0bf15eeb
7357daf1-ffe2-4036-9acc-3f8c6aa55c69,33kV Line SWAN3_7L5-SWNL31[sec]0,3afe108a-fb73-4f36-9ebd-1ba40a296fad,3880645b-bc80-42ab-97de-6f83c44facc1,SWAN3_7L5,SWNL31,0.0350985,0.037418,2.59871e-05,0.319,33.0,e8fd6bc8-3ccb-42ac-9565-25bb24cd36b3
bca16a1a-b362-48fd-bde5-7f8527d72bdb,33kV Line SWAN3_8L5-GLWI3T[sec]0,11b65acb-a1e9-40d6-a6f5-f98cdb2fd6e5,3d45ee9b-9b3c-412b-b392-8e0d6dd4e45d,SWAN3_8L5,GLWI3T,0.531895,1.08331,3.02167e-05,2.958,33.0,0a19b554-1773-4a2b-9522-2dbc6348ee0b
0888cb71-c430-4061-958c-364615392828,33kV Line SWAN3_9L5-ABGL3_#1L5[sec]0,74872741-8bfa-4d8b-9aba-3937bfe26ace,6a5b71b6-50b7-498a-9b43-09f5693828bc,SWAN3_9L5,ABGL3_#1L5,0.329804,0.35607,0.00024775,3.045,33.0,5842a260-e8de-485e-b02c-2aeb8ff9cb9c
f2322828-4432-4a3c-927d-159f4a0c3b84,33kV Line SWAT3T-SWAT32[sec]0,abe5e2f3-8ddb-4f36-9c7a-edecb6562c3e,6aab4f47-a013-46e1-bead-76c1f745141b,SWAT3T,SWAT32,0.0058045,0.00676901,6.84978e-06,0.065,33.0,96012233-d531-45d7-abca-688be43bcb1c
f70986b8-454d-4d3b-bac7-261879d46f80,33kV Line SWAT3T-TWAU3[sec]0,abe5e2f3-8ddb-4f36-9c7a-edecb6562c3e,b82d9dcf-bcd0-4734-9f36-01bdbac36240,SWAT3T,TWAU3,0.200379,0.226366,0.000241353,2.243,33.0,469f6485-b8be-4017-b4f9-a0820e1436dd
32d19f8e-b834-407f-ad48-ee342e138467,33kV Line SWAW3_#10L5-52L6001P11[sec]0,5a853c79-0422-44fd-a72c-82c15d07583d,fb6117a7-8160-44ba-9c3f-0a85470393ed,SWAW3_#10L5,52L6001P11,0.349472,0.537427,0.000285115,2.568,33.0,00a53aa1-927e-44ae-bb86-93e05686ee89
384bc489-05dc-4d68-b2fd-048cab1a1854,33kV Line SWAW3_#1L5-RAVE32[sec]0,29eb7e0a-a534-4c5e-82b9-e9e6218b2cb1,9d5e9362-de6e-4ec4-b285-2ff3ee4a0acc,SWAW3_#1L5,RAVE32,0.195923,0.265626,0.000212674,2.357,33.0,995d51f4-aded-4c0d-8488-0b681878c42a
b22b75fb-52db-48d3-afe7-ff689959b411,33kV Line SWAW3_#2L5-UPLT32[sec]0,b6f419d8-4713-49d5-8924-2a844c284a5e,1c5ee960-ccad-418b-9a93-59bcbb50a0c9,SWAW3_#2L5,UPLT32,0.152255,0.216224,0.000261914,2.23,33.0,8fefc5a1-541d-42f4-8214-110d7da693b6
18d4ac44-4024-476d-bf64-e3dbdec289b1,33kV Line SWAW3_#3L5-TSKT3_MAIN1[sec]0,c97ca7a7-da04-456f-b0ae-4798a1637f6f,2d807d9f-7021-4413-8dfe-b3ea056f1e27,SWAW3_#3L5,TSKT3_MAIN1,0.178323,0.200409,0.000210629,1.974,33.0,e4e0decf-8827-4931-90ef-89e082bad91e
8f2bc0e3-c7b8-41ae-a945-5055c5e86a15,33kV Line SWAW3_#4L5-TSKT3_MAIN2[sec]0,22e0db28-3cfa-47e4-9a2d-01acdb21fef3,4814d64a-9089-4c75-a594-ed04aabb29b7,SWAW3_#4L5,TSKT3_MAIN2,0.178675,0.200711,0.000211001,1.977,33.0,3233dbd7-f439-4d98-b169-73eae1690222
abee67ec-b9c7-4bb0-8da4-3af9d6e90990,33kV Line SWAW3_#5L5-UPLT31[sec]0,411614c2-484b-4693-89f6-c217eb1cba73,c9cc5d5c-c3f6-4143-b3ad-50e692eeac86,SWAW3_#5L5,UPLT31,0.155337,0.220646,0.000267375,2.276,33.0,399ac590-165e-4a06-ac3b-24b9562a3735
aafccf02-5317-4c74-b322-6b4e9701823b,33kV Line SWAW3_#6L5-RAVE3T[sec]0,7a6a7cc1-5ea2-4090-9a82-2288942b690f,642aa66d-c044-457d-9255-b871ab0f2849,SWAW3_#6L5,RAVE3T,0.196176,0.266246,0.000212463,2.361,33.0,72a392d6-3c3e-469b-a0d7-df5f619977c8
692669ac-d956-4a2a-983e-11a289e56a59,33kV Line SWAW3_#7L5-SWAT3T[sec]0,652d060c-e238-45c9-bd81-b7a948065581,abe5e2f3-8ddb-4f36-9c7a-edecb6562c3e,SWAW3_#7L5,SWAT3T,0.236661,0.262885,0.00027337,2.577,33.0,5a439d72-0b36-4da1-8cc7-24617d74aa50
70a77256-d2e7-4222-87ac-5476a0d60790,33kV Line SWAW3_#8L5-SWAT31[sec]0,76415037-595f-41b9-9be9-99bf9f0237ff,a0d908a1-aaae-431e-af58-153677061097,SWAW3_#8L5,SWAT31,0.248292,0.290186,0.000265657,2.683,33.0,8ca3691d-cc6f-4d01-a244-b92fa5738762
1796d6df-661c-4c63-ad3e-56eafc437a75,33kV Line TIRJ3_#10L5-GETH31[sec]0,067a6e51-1675-468c-868c-8c9e5118e4d1,148b815e-95d4-40a3-ac4f-b38496cf7732,TIRJ3_#10L5,GETH31,0.350508,0.564851,0.000340573,4.567,33.0,c57d7e6f-2f56-4365-8227-49e84b53175b
d2e9a6e4-b2ee-46ac-b9ba-f17e24392ab0,33kV Line TIRJ3_#11L5-TIRJ33[sec]0,d9fdf18c-5220-49ce-ac0a-c8043ff72f1a,f7303d06-57a7-4f5c-b3ba-31c757a8935e,TIRJ3_#11L5,TIRJ33,0.0120661,0.0177725,1.14784e-05,0.147,33.0,1181274a-06a0-4c40-abb2-61836d03387d
951aa48f-cc48-4d9e-9c6d-025f1cd546bf,33kV Line TIRJ3_#12L5-STRA32[sec]0,1aaa5886-f885-4bee-838f-02605f7a2978,bf67ca76-d558-487a-a9d0-7b32938432df,TIRJ3_#12L5,STRA32,0.41377,0.442602,0.000389343,3.967,33.0,2a0ec5ac-f2ec-4219-b035-6d02ff7e5439
78ce0b67-4e09-4277-8ead-bf9e18d52630,33kV Line TIRJ3_#13L5-SWWF32[sec]0,844b6675-5882-4f01-a3ed-3c78486912e2,6470d46f-f729-4e06-b6bf-59c313cb047a,TIRJ3_#13L5,SWWF32,0.109722,0.189131,0.000187049,1.756,33.0,2283f9ad-db13-469b-b860-1c7ef9ffa993
ca592727-5cbd-4519-a9c5-35defee35e61,33kV Line TIRJ3_#14L5-TIRJ34[sec]0,94c6847e-0c2b-4f60-a101-e5d56b20bd69,9e275efa-6db7-4c85-b2de-4f2125dcb568,TIRJ3_#14L5,TIRJ34,0.0146253,0.0210613,1.39578e-05,0.176,33.0,5f2e2f70-b1a7-42f5-9782-d7c5d64a8e3b
725ab5a9-7347-4633-b1eb-85b65e493f3a,33kV Line TIRJ3_#1L5-STRA31[sec]0,96ca24f9-afc6-44a9-a3ed-03955ebe5b79,a454398c-e949-4185-918e-736b09f6392f,TIRJ3_#1L5,STRA31,0.411261,0.439747,0.000387028,3.942,33.0,f2dd2c6e-2100-4788-8aac-822ec1a65d5b
6a5f3c85-d231-4d0d-9c2e-c38e9f93a624,33kV Line TIRJ3_#2L5-FORT32[sec]0,65cc8c07-ac00-4592-84d6-9fca3702d3c7,e03c090e-3644-4530-9652-3c75e5c4b740,TIRJ3_#2L5,FORT32,0.175483,0.36178,0.000121846,1.562,33.0,26f477b4-ad0a-48e0-8244-fc2b1123d44b
27ecd200-a14a-49f6-a659-f4e70bac7e1d,33kV Line TIRJ3_#3L5-UPBK32[sec]0,6e15fc9f-a658-4022-823d-941140f3cee0,88478255-a542-43ab-8813-ea0d21784565,TIRJ3_#3L5,UPBK32,0.443492,0.398016,0.000313207,3.598,33.0,6b8df87b-08af-4cc2-bb47-29a3401adf58
8684c157-cfa7-44a4-8744-6f34480d34fe,33kV Line TIRJ3_#4L5-UPBK31[sec]0,ff9251d9-edac-4dd7-8b45-96480bc34dc3,17483848-e8f5-4f78-9a21-75c0b4d31654,TIRJ3_#4L5,UPBK31,0.466647,0.404991,0.000317012,3.649,33.0,3980e5f6-3fa8-4cbf-8384-71bd49fa373a
42c40ed5-e012-4810-a14b-31b724159379,33kV Line TIRJ3_#5L5-LLCY3_MAIN1[sec]0,322f7b97-b1ad-4fd0-8035-28bb3932f05d,4bcac5c3-b10d-4da4-bcf2-eb0e47a6de6f,TIRJ3_#5L5,LLCY3_MAIN1,0.732173,1.71837,0.000156252,5.609,33.0,f202e58c-f506-43ed-99c3-7feace22b17e
b57046c2-e2fd-4855-a8eb-64ec89bac808,33kV Line TIRJ3_#6L5-56L6078P8[sec]0,878fba51-1487-4b9a-b1a1-abdca348b051,efe599f5-b09c-4dcf-b94e-151b2a03e2f7,TIRJ3_#6L5,56L6078P8,0.137427,0.342616,3.62062e-05,1.152,33.0,13c9fdc2-3155-4c62-8bfe-f940bf27c00d
b0f176be-d1d0-4b79-a920-1aed9e73b14c,33kV Line TIRJ3_#7L5-GETH32[sec]0,bee6056a-5a60-43eb-86dc-b173d1f2ff5b,70f37877-d175-4192-9760-f35502c0819d,TIRJ3_#7L5,GETH32,0.351145,0.565843,0.00034087,4.574,33.0,7153ffa1-930e-4e40-9ac9-7129a8aa9e62
1407dfda-2dfd-4db4-b4fe-13d4445960ca,33kV Line TIRJ3_#8L5-SWWF31[sec]0,af97c577-b66a-4cc2-8424-edcdeadd95ea,4713c7f3-aad9-4d43-a712-15fbe83f92b7,TIRJ3_#8L5,SWWF31,0.109348,0.188485,0.00018641,1.75,33.0,253915a6-ebd0-4e3e-8532-7e711a12838e
fc540acb-bac1-4234-a920-995a6a9a0224,33kV Line TIRJ3_#9L5-FORT31[sec]0,8b251281-fa77-449c-a103-e4db25003099,3add4199-67a3-4357-9a96-d52b0543ae34,TIRJ3_#9L5,FORT31,0.183324,0.365648,0.000123666,1.574,33.0,a32f2554-27e7-4047-bc0e-4ccf81c5810b
c7086b2b-1945-408a-852c-cfc798089b9d,33kV Line TJGF3_#1L5-TIRJ3_#16L5[sec]0,851dbfd8-e83e-4d2b-811e-b620ab6e7f1d,377258ce-ed94-4b5c-abc2-60fcb0fcdaed,TJGF3_#1L5,TIRJ3_#16L5,0.0124194,0.021924,1.89174e-05,0.2,33.0,896460f8-7eb3-4c37-b0dd-494217a5a7b3
6fff9069-db6a-487c-ae87-279ee80ddfbf,33kV Line TOWE3T-55L7035P17[sec]0,6414d27d-af7a-4a1f-8535-d5d1f66f3159,cb50e42e-f86c-4e9c-9d1d-fab9911c0280,TOWE3T,55L7035P17,0.147313,0.296865,2.65646e-06,0.829,33.0,ca4e0151-cf93-4886-83c0-61d690b88409
5284c8f5-c4d5-4fd0-98fb-4cb9f5104f78,33kV Line TOWE3T-55L7040P11[sec]0,6414d27d-af7a-4a1f-8535-d5d1f66f3159,f9ec62c8-37c7-4803-9f5a-025c6eec1f33,TOWE3T,55L7040P11,0.0254262,0.0347634,2.89246e-07,0.093,33.0,7e6c7a31-e90c-4880-94ca-72fddf5e26d7
d6f47364-8062-439b-b261-d0eaa96f8b5a,33kV Line TOWE3_1L9-55L7036P37[sec]0,5f293707-e531-4bd8-a76d-73fc73e8b95a,dd09617d-7bd9-44b1-b7d1-c3e65f7c9856,TOWE3_1L9,55L7036P37,0.29345,0.749097,5.89716e-05,2.372,33.0,fe710e6e-aaa4-4d6a-a947-3efb9a004ed4
fdea102e-0425-45ef-abb1-04047aef43e2,33kV Line TOWE3_2H3-TOWE32[sec]0,e07478ea-fd94-46d9-96fc-0d9e83fdb429,03af1be9-b8b7-4746-a433-602c572f137d,TOWE3_2H3,TOWE32,0.071084,0.104858,7.43301e-07,0.26,33.0,d7609d4b-6fc2-4b6b-b196-b9dc3d1986f1
f99f957d-eef6-4eae-872a-124c165dc93a,33kV Line TRAB3M-TRAV3_3L9[sec]0,c3b6030e-b027-4337-9e2c-4b54e7019097,4aea7c95-44ce-4677-8cc1-ccc837bc9f9a,TRAB3M,TRAV3_3L9,1.66707,3.47408,5.66391e-05,9.319,33.0,867af7d1-2900-419a-9d37-2bbf5e6e3e04
e0afceda-26e8-4019-9992-750219f35687,33kV Line TRAV3_#1L5-ABEC3_2L5[sec]0,58909816-ac84-427d-89fd-8d89627e94d8,bef495d5-f801-4fb9-af07-5220727c0c2e,TRAV3_#1L5,ABEC3_2L5,1.1711,2.58316,5.90302e-05,7.452,33.0,dff8a3ab-366c-44e6-81f7-fc950cde2b45
42786957-4dda-4f0c-a27f-d6d9abaafcb9,33kV Line TRAV3_#1T0-TRAV31[sec]0,a29e33de-1622-446c-bf14-5a8b15c6b014,41c6b8f9-6770-4ae0-a2b2-7340f4986220,TRAV3_#1T0,TRAV31,0.00796583,0.0184804,1.79825e-05,0.18,33.0,59c8fe1e-0494-48b1-bf24-d7d344cd05b5
5f534326-70d8-4b51-878a-d6d1c58237af,33kV Line TRAV3_#2L5-TRAB3M[sec]0,8c9346bd-6192-410f-b9d7-9ff292652c8d,c3b6030e-b027-4337-9e2c-4b54e7019097,TRAV3_#2L5,TRAB3M,0.229055,0.473836,4.21149e-06,1.289,33.0,ddf287bf-b066-49f5-baaf-82712ae66e4e
357b49a4-a018-46e9-8071-def9808a22c7,33kV Line TRAV3_#2T0-TRAV32[sec]0,6c767aaf-c455-46f1-92c7-53b013b54073,0c997bfc-9324-445f-abb0-807f432b199f,TRAV3_#2T0,TRAV32,0.00796583,0.0184804,1.79825e-05,0.18,33.0,0eea3b1f-516b-437e-99c4-f8650d1040f3
5fbd42a5-2ffd-4b7d-b576-c62fb7cbcff5,33kV Line TRAV3_#3L5-POND3_#1L5[sec]0,239cf163-74a5-4eb6-a84e-226063c08fa3,cc039478-cafd-49e5-82d3-72f87b5c331f,TRAV3_#3L5,POND3_#1L5,1.44758,3.64768,0.000224,10.754,33.0,9a1de797-00b4-4250-bbee-36528d2242e4
ce7a1131-cdec-42b2-bad0-144fec5ec842,33kV Line TRAV3_#5L5-TRMY3M[sec]0,a8986d5b-73fd-49d9-b167-ab000c3f150e,c0ae9e4d-e235-4a05-848e-a3306b31afea,TRAV3_#5L5,TRMY3M,0.22944,0.473397,6.75922e-06,1.311,33.0,ff5102aa-1631-47e9-9de7-7752fab3bc48
8860bd46-1299-4c2a-8be4-d1b148eeeab3,33kV Line TRMY3M-52L6050P55[sec]0,c0ae9e4d-e235-4a05-848e-a3306b31afea,9c6976c7-52bd-4ea0-b797-6ad749ae1358,TRMY3M,52L6050P55,1.18312,2.493,4.43612e-05,6.562,33.0,be3da8ae-1097-445a-b9ad-5e97b1dc7091
7c723398-45f1-4d04-86c3-2d4ac1b5301f,33kV Line TROS3_#1L5-LLNT3_#1L0[sec]0,4c364af2-6119-4679-8c5b-f85c551c60c3,f2fd015f-d22a-43e8-9dd5-079d05e08677,TROS3_#1L5,LLNT3_#1L0,0.520677,1.06538,0.000249252,4.948,33.0,c8291d5a-a0ad-4ca6-b4f4-946a9cee5572
aacde580-e86b-4b4f-a539-a0e9d873e047,33kV Line TROS3_#2L5-WESF3T[sec]0,946f49f5-2a01-4bf1-9041-539fe8705704,11cbc2df-0714-4511-8e8c-9efef0963946,TROS3_#2L5,WESF3T,0.335929,0.841214,7.96477e-05,2.732,33.0,f16ec75c-4776-4fbb-b2f4-8bb1d6b1d221
685ca0f7-ad87-4874-b6fa-f855092948e0,33kV Line TROS3_#3L5-MAES3_MAIN2[sec]0,04ce3150-6858-496a-a2e2-e2a4e340c6c5,018cd21b-4c00-4764-b055-f329f2ec40f9,TROS3_#3L5,MAES3_MAIN2,0.110137,0.104276,0.000115579,0.948,33.0,7716cf81-610c-4ee7-b8e7-a56d415b962d
806aa5db-6403-476b-b61e-fdfab48db51e,33kV Line TROS3_#4L5-MAES3_MAIN1[sec]0,612ea165-30da-4c92-9d21-5c04052066fa,437a15dc-9017-43ec-a136-fe19b8e2c414,TROS3_#4L5,MAES3_MAIN1,0.104839,0.0989409,0.000110038,0.902,33.0,fe2c98a7-6560-4693-b8ec-e1d975c94374
4856fd53-df46-4d68-8449-2ab762806ada,33kV Line TROS3_#5L5-WESF3_2L3[sec]0,a4de03d2-d6b5-4b20-bef3-955b4fc02196,3f5becab-aa9b-45c2-9448-cfb9d1660d0c,TROS3_#5L5,WESF3_2L3,0.407034,0.448704,0.000370373,3.617,33.0,5dcddb38-b3b3-4c68-833a-9dd2a2d06ce0
ad47e828-8c5e-4f7c-ab89-6229e63acfcf,33kV Line TSKT3_MAIN1-SWAU3_MAIN1[sec]0,2d807d9f-7021-4413-8dfe-b3ea056f1e27,b11a8843-635f-48cd-a82c-cde70d5f2661,TSKT3_MAIN1,SWAU3_MAIN1,0.21847,0.232175,0.000254288,2.259,33.0,ab7f7b38-0941-4d52-adde-d470a9cd9184
887d59f6-f262-4b3b-b9db-3e6002126d97,33kV Line TSKT3_MAIN2-WESX3_MAIN2[sec]0,4814d64a-9089-4c75-a594-ed04aabb29b7,0450f171-ddb1-4dbb-bb06-433c07ae1484,TSKT3_MAIN2,WESX3_MAIN2,0.53758,0.481519,0.000455163,4.566,33.0,13c2cc09-e305-445f-bf8b-b2b52f07fa0b
1cc7835b-7d7d-4cd5-8f03-5fca51ece468,33kV Line TSNC3-POND3_#2L5[sec]0,705657da-7abe-4136-b91c-6ceb353c46cb,1ee5a402-88dc-4acf-93ab-d99ab0e2f5bf,TSNC3,POND3_#2L5,1.05299,2.21011,3.94592e-05,5.806,33.0,3a1e498a-f650-4c5b-846a-74cbd4d39202
aa837e53-895c-4b49-840c-a184a619a613,33kV Line TUMB3_1L5-MEIN3T[sec]0,5a8221f6-2a20-424b-a3e0-3224636700ef,4dc02b5f-98da-4c30-89e4-3ef1bd254726,TUMB3_1L5,MEIN3T,1.8122,3.80713,6.9697e-05,10.103,33.0,26cdc114-37a5-4005-93d7-7e2c19177644
6ed5c23f-35a7-467c-adc6-daab5c33640d,33kV Line TUMB3_4L5-PNTA3T[sec]0,c8aa501f-93c0-40de-8856-6abc65ffb596,6dc066a2-1a5c-4850-9600-2c56c36b7c77,TUMB3_4L5,PNTA3T,0.373569,0.663343,7.40108e-06,2.036,33.0,96437582-728e-4f62-914a-edf223e04697
a0064f92-f229-4819-ba81-f5e716bdd7d2,33kV Line TYNY3T-52L6067P19[sec]0,2aa84145-0e9b-413a-8d88-8122125e7d89,9b3920f8-e80a-4fd4-a331-78559772001f,TYNY3T,52L6067P19,0.591055,0.792433,3.65473e-05,2.322,33.0,4f04401b-8d2f-403a-88cd-e24a0e53afcf
b7c52f07-8793-4a4c-96f8-8f950bf1cd3a,33kV Line TYNY3T-52T40[sec]0,2aa84145-0e9b-413a-8d88-8122125e7d89,b4ff6afa-d1a9-4d5d-84ec-86167b29ec77,TYNY3T,52T40,0.169782,0.250449,1.77534e-06,0.621,33.0,9a444d88-3552-416b-afab-98f3091fc2ff
31e31ad3-50ce-485d-a156-fd377f3195dc,33kV Line UPBK31-RAVE3_#5L5[sec]0,17483848-e8f5-4f78-9a21-75c0b4d31654,538e89bc-81f1-4f93-8a6b-077f916396ca,UPBK31,RAVE3_#5L5,0.482525,0.453159,0.000347235,4.029,33.0,dcbe20a8-5aad-4936-8ef3-060602c606f8
263fafa7-8c0d-4dbc-97e3-7fd741b4d22f,33kV Line UPLT31-UPLA3_1L5[sec]0,c9cc5d5c-c3f6-4143-b3ad-50e692eeac86,e8004de1-0775-4d98-90da-05bdbca5f0ea,UPLT31,UPLA3_1L5,0.00477959,0.00562934,4.2563e-06,0.048,33.0,5499fc1b-5c5e-4f41-bdc1-8bfc151cff08
8f78c664-3513-4687-b89b-c27446b08b80,33kV Line UPLT31-WESX3_MAIN1[sec]0,c9cc5d5c-c3f6-4143-b3ad-50e692eeac86,711ab913-26f3-4c55-becc-b2d2b8406a6c,UPLT31,WESX3_MAIN1,0.801191,0.640566,0.000510245,5.871,33.0,9844a3d6-3f26-4fb6-903b-dd434c5f3272
3b2aeb68-0e3e-4bfb-bc79-4cdf42bf40dd,33kV Line UPLT32-SWAU3_MAIN2[sec]0,1c5ee960-ccad-418b-9a93-59bcbb50a0c9,975d459b-c064-4c02-bc2c-e2e1efd186cd,UPLT32,SWAU3_MAIN2,0.271422,0.221426,0.000176676,2.02,33.0,13cc137b-73c0-43c8-8273-30a04e466a6d
cef8c48d-06e5-4834-ad1d-7b764560739b,33kV Line UPLT32-UPLA3_2L5[sec]0,1c5ee960-ccad-418b-9a93-59bcbb50a0c9,c4f356cf-086a-47af-8cc6-05d951499afc,UPLT32,UPLA3_2L5,0.0106435,0.0130316,1.2055e-05,0.119,33.0,1eda85af-3fea-4c1f-8036-153e1d5efc49
351494c5-b1dc-47f8-bd60-0acea6d525cf,132kV Line UU19E-SWAW1_MAIN1[sec]0,4aef418e-0257-4356-a69d-88dd0e933e2a,f3645b47-150f-4385-8a6e-d98e4f489f34,UU19E,SWAW1_MAIN1,0.265929,0.958052,0.000194326,3.564,132.0,0984f911-dada-4c14-8cae-ab9b121054e0
acf3fb4e-18d6-48c3-b3ca-477323296d8b,132kV Line UU19W-GOWE1_MAIN1[sec]0,f8319758-5df6-4248-b090-52905b8c39f9,ff7b859a-c545-467e-a777-a357ed265128,UU19W,GOWE1_MAIN1,0.253866,0.588293,3.99092e-06,1.429,132.0,9a94d487-2b3e-433e-abdd-496218d3f198
efb258b4-5559-4dce-b100-725f999812ca,132kV Line UU19W-SWAW1_MAIN2[sec]0,f8319758-5df6-4248-b090-52905b8c39f9,df9b5771-a0c0-424c-8210-1dbb05b81f13,UU19W,SWAW1_MAIN2,0.285909,1.03339,0.000194685,3.695,132.0,3825ce32-9e14-4da2-b77c-0dc6abaf9a47
e6b25b12-b84e-4ae1-9157-c781f45ed567,132kV Line VE901-DUFF1S[sec]0,db942f12-c87b-4352-82b5-5974edb53045,da811979-8c5b-494b-b0f3-13cbb24fbc15,VE901,DUFF1S,0.179814,1.52176,1.73357e-05,4.757,132.0,e861c115-94e5-453a-814b-8bd26cac11f6
94d747b0-90c1-4511-b8a6-58da560ceaed,132kV Line VE901-VE931[sec]0,db942f12-c87b-4352-82b5-5974edb53045,8e9da9d6-0b30-4068-b594-edd7d063f4a4,VE901,VE931,0.0855935,0.337752,1.45968e-06,0.926,132.0,fa1fb0ae-d091-435b-9053-3747c3c2c9ce
86770bc5-404e-45d7-960a-6c1f510ceefe,132kV Line VE931-PYLE1_405[sec]0,8e9da9d6-0b30-4068-b594-edd7d063f4a4,abffa8bf-00aa-4b3a-bccb-2448aef5de54,VE931,PYLE1_405,0.214174,1.81255,2.06483e-05,5.666,132.0,50ad91a8-ac9c-41b1-99d6-495595f9d1b3
61bf2b41-5f68-44df-a1f3-2077b21c65fc,33kV Line VICR3_2H3-VICR32[sec]0,2f03cdae-ea41-4c27-918d-5a0803538758,b7524d67-1317-468e-84fb-2ce90df0cd57,VICR3_2H3,VICR32,0.000730746,0.00108095,9.61322e-07,0.01,33.0,cc47fafe-fbb8-44d7-a3ce-1e4bc906af7b
81c97102-2a6c-4488-8003-b06d5ed69b44,132kV Line W38_1NE-C6__1SW[sec]0,fba8f143-d989-4f36-8429-e94064353884,51c559fb-fa81-422e-8a99-4ba89c89a84c,W38_1NE,C6__1SW,0.0111078,0.0472628,5.74001e-07,0.121,132.0,e875d41c-a0bf-4603-9907-3aac50f2c423
56483be9-b710-482b-8a37-b10011f7ff04,132kV Line W38_1NW-EE5_1E[sec]0,f625b9be-cc7e-4994-a246-ab4f7c4fe2eb,7b86f38c-64f5-42d5-8bd3-219d6cf4d822,W38_1NW,EE5_1E,0.0457164,0.19452,2.36241e-06,0.498,132.0,1442a6fc-97ba-44cf-8c7a-f3c012acb8e3
b57102b1-a14d-4a51-8fd3-925c5352870b,33kV Line W38_3S-NEWL3_1L3[sec]0,a1f786ad-b4e7-4de2-9aad-24bd4c164d9c,21c51f55-901b-4d60-8dd5-c516f04220f1,W38_3S,NEWL3_1L3,0.0604179,0.111724,1.18564e-06,0.34,33.0,ebe559c4-ac3b-486a-9e82-45ded8f008ae
ebcc9468-65be-4f51-8b43-c3bd6637734a,33kV Line WAUN3_3L5-GARN3_4L5[sec]0,c0ad6aed-f1f3-4893-8e96-d36ecd910f2c,a990db14-2eea-4498-97c8-75d90927710a,WAUN3_3L5,GARN3_4L5,0.27585,0.541651,4.80664e-06,1.5,33.0,91749059-de54-40d7-92a3-4002faddb8fc
c7c3a031-e03a-49e0-9066-97f29adb5578,33kV Line WAUN3_4L5-LRHI3_#1L5[sec]0,0a337357-9e17-43ac-8a28-b192295bacc1,eb8cab75-a959-4300-ae37-9d4c2a80f9ac,WAUN3_4L5,LRHI3_#1L5,7.48052,5.38861,5.8494e-05,13.933,33.0,5b8c7852-e73a-415b-8d20-860327bdfec6
72ff8111-f0eb-4888-87e2-ceb8d88f6a69,33kV Line WERN31-BRIF3_#5L5[sec]0,7af2b6d8-b98d-4bef-853b-b80d770b286a,0ff5a7dd-b1ac-45a7-8bcf-3752c61d2f36,WERN31,BRIF3_#5L5,0.093556,0.120901,0.000160698,1.247,33.0,702c0dc0-2c44-4755-b374-df52679d5571
38b26390-8072-4c4d-b50b-22be92f0e4d8,33kV Line WERN32-BRIF3_#2L5[sec]0,872df5b3-9597-4520-bf23-11220be57f7e,a07a9d91-75bc-43db-8f40-2e18e8a35e84,WERN32,BRIF3_#2L5,0.0919769,0.118581,0.00015831,1.227,33.0,18035861-1bd5-418e-a9ca-620652507034
cfe14f6f-04f7-42d7-984e-08e2905784f6,33kV Line WESF3T-W38_3S[sec]0,11cbc2df-0714-4511-8e8c-9efef0963946,a1f786ad-b4e7-4de2-9aad-24bd4c164d9c,WESF3T,W38_3S,0.59408,2.64911,2.81754e-05,6.85,33.0,7f1893c1-edd3-413f-ad19-17a89bd2203f
a10aebfe-9fd7-4634-8546-40d02b9991b6,33kV Line WESF3T-WESF3_1L3[sec]0,11cbc2df-0714-4511-8e8c-9efef0963946,291cdbea-7d6f-4a67-8b6e-a87e66042d59,WESF3T,WESF3_1L3,0.0947349,0.132697,5.2177e-05,0.665,33.0,9d16dff9-da67-4d70-ac18-fa4ac5d12793
b728d6ec-c2f5-44bc-b7f6-cebf9c15360d,33kV Line WGWB3_2L3-NANG3_#1L5[sec]0,d61183bb-0b62-484d-8b0d-7c7af36841f9,934eefd0-277e-44d3-b336-ee849695507f,WGWB3_2L3,NANG3_#1L5,0.20571,0.258944,2.7218e-05,0.943,33.0,65923ab1-991a-4a12-9f98-1879e0b72a98
571e5663-1658-4750-a7fc-d2c3846ec76c,33kV Line WHDF3_2L9-DYFF3T[sec]0,2a042c36-b7e0-4ef3-8fca-eee83f927c2f,3aedeeb6-0d2d-450a-9915-f0a21afc28fd,WHDF3_2L9,DYFF3T,1.45722,1.99236,1.65772e-05,5.33,33.0,e0010f92-dac8-459a-8ff7-cde406077d23
485a3eb5-521b-40cc-b815-055cdbc20a77,33kV Line WHIT3_MAIN2A-WHIT3_MAIN2B[sec]0,ce4a4327-7779-4908-913e-eec0cac4fe13,0411de98-f058-4808-9d58-8c9c2ff87719,WHIT3_MAIN2A,WHIT3_MAIN2B,0.00404251,0.00399,4.2333e-06,0.035,33.0,5b5f7cbe-b7bd-47e0-b4fc-976979628f0b
3da45d1f-7792-4838-b7e2-233db7b9c0f6,33kV Line WLND3_#1L5-PEBL3T[sec]0,c1f8316a-32d7-43c9-871e-fe9179db840f,58a374ea-d3fc-47a4-bbc8-dbf3949a18d3,WLND3_#1L5,PEBL3T,0.633406,0.849758,4.90358e-05,2.632,33.0,481ededb-5627-4e66-8201-e6efe4419ac9
43880419-5260-47c6-b200-dc72f733959d,33kV Line WNGF3_#1L5-TWAU3[sec]0,72d1d90c-a42d-4436-814f-6dad7a826464,b82d9dcf-bcd0-4734-9f36-01bdbac36240,WNGF3_#1L5,TWAU3,0.0138881,0.01321,8.85813e-06,0.109,33.0,388306a7-a22b-44ac-967f-30b0006e17a7
27895493-22bd-497c-a380-06167aacb21b,33kV Line WSTC3_#1L5-56L6123P47[sec]0,42c720ea-1d74-4630-a947-6a4a3b9b3c9d,91e75ee1-9387-4bc4-9a2e-c156c877e699,WSTC3_#1L5,56L6123P47,0.627082,1.21447,3.27579e-05,3.539,33.0,0a1c2f41-791b-4e85-982b-33bacb5a8e51
b36f9d42-1b09-44f6-b8d4-cec2bab6dbf4,33kV Line YNST3_1H3-YNST3[sec]0,ab799b52-2545-400e-9372-73253023dfd2,b9f4bc32-a024-45ec-90cb-8cf8dfcbc9ef,YNST3_1H3,YNST3,0.00277683,0.00410761,3.65305e-06,0.038,33.0,4d157e2c-c64e-47fb-ab19-f247cf33f058
d7a4c737-578e-4b34-8342-58742f098b36,33kV Line YNST3_1L3-56L6096P11A[sec]0,412ca7cf-ac1a-4167-816d-ed832fb5ba00,0bb0077c-0bb8-4d6d-a4ef-20d830f2633a,YNST3_1L3,56L6096P11A,0.289701,0.612571,9.82635e-06,1.608,33.0,2767a4e6-1cf0-48d8-94e7-c502270b51b9
e800c3a0-5818-47ab-a5f5-6813c1f505d2,33kV Line YNST3_2L3-MBRM3_#1L5[sec]0,9f355a1c-87cb-49b3-a690-fba1742d4ea5,fe9f4080-2729-4572-acfe-3352b4277954,YNST3_2L3,MBRM3_#1L5,0.319295,0.344821,0.000240037,2.949,33.0,e889d7dc-7706-4425-b8b4-1e139773c209
5db46ab9-a872-45c7-b73c-1f852ff427ab,33kV Line YNYS3_4L9-YNYS3_2L5[sec]0,49f2c38f-6be1-462c-9aab-5887524866e5,82a534a2-710f-4e8e-8a2e-a44074546ee4,YNYS3_4L9,YNYS3_2L5,0.992193,2.23134,5.09337e-05,5.957,33.0,419bd03a-1966-40dd-9be6-99e3f567c5d1
671e3679-ea69-42c6-90d3-d7a767381b28,33kV Line YSTF3_#6L5-LBRI3_MAIN1[sec]0,8eaff569-aca9-46c5-a57b-c558ae39af1f,997d6432-54f7-4de1-b0af-44710f5568fe,YSTF3_#6L5,LBRI3_MAIN1,1.22222,0.508573,0.000211705,3.84,33.0,399a8be4-5644-415c-9c6b-f20d519d1cef
6a5f4e86-6395-4c09-97d8-7931dd751f6e,33kV Line YSTF3_#8L5-YSTF3G[sec]0,b4d35f8e-7f6f-4fd5-8da8-f38b6124c4e6,d60ab68f-bc17-45d0-b808-c8a406c7ca04,YSTF3_#8L5,YSTF3G,0.00324522,0.00350658,2.47934e-06,0.03,33.0,945e9796-ceac-42c4-9056-9a9213f584ef
5fcfbc19-4ad9-44d5-8ec0-65efed9e50bb,132kV Line YSTR1_303-BTWS1T[sec]0,b6417bab-0816-4e3d-b7db-88a9edc8a144,355a91a1-3dcb-4c5d-9a81-2ea531282252,YSTR1_303,BTWS1T,1.33784,5.94495,7.2201e-05,15.22,132.0,3d026bc3-a7e2-45ff-9471-f086899aa111
fb7617e6-e07e-484d-a4b1-5c49580fa78e,132kV Line YSTR1_405-82D19N[sec]0,01a91df1-5607-44fc-9387-063d7cf1e03d,b386d552-a5c7-4645-915f-5237812ba1c9,YSTR1_405,82D19N,0.936481,2.12397,1.50747e-05,5.273,132.0,51436155-efcf-406d-b982-8d37109dcc7b
5f9d8c97-4e28-4f46-8b68-665947e3fc95,132kV Line YSTR1_605-82D19S[sec]0,cf15f5ed-c00e-49f3-9dac-52987d925997,cbec2654-e56f-4bd4-9bb3-c52502c2345b,YSTR1_605,82D19S,0.936481,2.12397,1.50747e-05,5.273,132.0,58b38897-62c1-4253-9035-aee9fb059a87
